SET SQL_MODE = "NO_AUTO_VALUE_ON_ZERO";
SET time_zone = "+00:00";


/*!40101 SET @OLD_CHARACTER_SET_CLIENT=@@CHARACTER_SET_CLIENT */;
/*!40101 SET @OLD_CHARACTER_SET_RESULTS=@@CHARACTER_SET_RESULTS */;
/*!40101 SET @OLD_COLLATION_CONNECTION=@@COLLATION_CONNECTION */;
/*!40101 SET NAMES utf8 */;

--
-- Database: `dating`
--

-- --------------------------------------------------------

--
-- Table structure for table `chat`
--

CREATE TABLE IF NOT EXISTS `chat` (
  `id` int(10) unsigned NOT NULL AUTO_INCREMENT,
  `from` varchar(255) NOT NULL DEFAULT '',
  `to` varchar(255) NOT NULL DEFAULT '',
  `message` text NOT NULL,
  `sent` timestamp NOT NULL DEFAULT CURRENT_TIMESTAMP,
  `recd` int(10) unsigned NOT NULL DEFAULT '0',
  PRIMARY KEY (`id`)
) ENGINE=InnoDB  DEFAULT CHARSET=latin1 AUTO_INCREMENT=222 ;

--
-- Dumping data for table `chat`
--

INSERT INTO `chat` (`id`, `from`, `to`, `message`, `sent`, `recd`) VALUES
(113, 'administrator', 'tessadt2aa', ':)', '2015-05-04 15:54:13', 1),
(114, 'tessadt2aa', 'administrator', 'not get it :(', '2015-05-04 15:54:40', 1),
(115, 'tessadt2aa', 'administrator', 'not get it again :(', '2015-05-04 15:55:27', 1),
(116, 'administrator', 'tessadt2aa', ':)', '2015-05-04 15:59:43', 1),
(117, 'tessadt2aa', 'administrator', 'again :)', '2015-05-04 15:59:49', 1),
(118, 'tessadt2aa', 'administrator', 'again 2 :)', '2015-05-04 16:00:03', 1),
(119, 'administrator', 'tessadt2aa', 'hi :)', '2015-05-05 07:16:13', 1),
(120, 'tessadt2aa', 'administrator', 'ok :)', '2015-05-05 07:16:48', 1),
(121, 'administrator', 'tessadt2aa', 'ok :)', '2015-05-05 07:23:22', 1),
(122, 'tessadt2aa', 'administrator', 'k', '2015-05-05 07:23:47', 1),
(123, 'tessadt2aa', 'administrator', 'h :D', '2015-05-05 07:24:08', 1),
(124, 'tessadt2aa', 'administrator', 'ok :)', '2015-05-05 07:26:54', 1),
(125, 'tessadt2aa', 'administrator', 'h :)', '2015-05-05 07:27:03', 1),
(126, 'tessadt2aa', 'administrator', 'h:)', '2015-05-05 07:29:54', 1),
(127, 'tessadt2aa', 'administrator', 'hahaha', '2015-05-05 07:30:39', 1),
(128, 'tessadt2aa', 'administrator', 'hahaha2 :)', '2015-05-05 07:30:42', 1),
(129, 'tessadt2aa', 'administrator', ':)', '2015-05-05 07:31:23', 1),
(130, 'administrator', 'tessadt2aa', 'h:)', '2015-05-05 07:31:28', 1),
(131, 'tessadt2aa', 'administrator', 'h:)', '2015-05-05 07:32:28', 1),
(132, 'tessadt2aa', 'administrator', 'ok', '2015-05-05 07:32:57', 1),
(133, 'administrator', 'tessadt2aa', 'h', '2015-05-05 07:33:13', 1),
(134, 'tessadt2aa', 'administrator', 'a', '2015-05-05 07:34:16', 1),
(135, 'tessadt2aa', 'administrator', ':)', '2015-05-05 07:34:25', 1),
(136, 'administrator', 'tessadt2aa', ':)', '2015-05-05 07:34:42', 1),
(137, 'tessadt2aa', 'administrator', 'd:)', '2015-05-05 07:34:47', 1),
(138, 'tessadt2aa', 'administrator', ':D', '2015-05-05 07:35:46', 1),
(139, 'tessadt2aa', 'administrator', ':)', '2015-05-05 07:35:52', 1),
(140, 'administrator', 'tessadt2aa', ':)', '2015-05-05 07:36:04', 1),
(141, 'tessadt2aa', 'administrator', ':)', '2015-05-05 07:36:53', 1),
(142, 'tessadt2aa', 'administrator', ':)', '2015-05-05 07:37:19', 1),
(143, 'tessadt2aa', 'administrator', ':)', '2015-05-05 07:37:38', 1),
(144, 'tessadt2aa', 'administrator', ':)', '2015-05-05 07:38:09', 1),
(145, 'tessadt2aa', 'administrator', 'hi :)', '2015-05-05 07:39:41', 1),
(146, 'administrator', 'tessadt2aa', ':)', '2015-05-05 07:48:54', 1),
(147, 'tessadt2aa', 'administrator', ':)', '2015-05-05 07:49:06', 1),
(148, 'tessadt2aa', 'administrator', ':)', '2015-05-05 07:49:13', 1),
(149, 'administrator', 'tessadt2aa', ':)', '2015-05-05 07:52:02', 1),
(150, 'administrator', 'tessadt2aa', ':D', '2015-05-05 07:52:06', 1),
(151, 'administrator', 'tessadt2aa', ':)', '2015-05-05 07:52:15', 1),
(152, 'administrator', 'tessadt2aa', ':)', '2015-05-05 08:02:23', 1),
(153, 'administrator', 'tessadt2aa', ')', '2015-05-05 08:02:40', 1),
(154, 'administrator', 'tessadt2aa', ':)', '2015-05-05 08:03:25', 1),
(155, 'tessadt2aa', 'administrator', ':)', '2015-05-05 08:03:46', 1),
(156, 'administrator', 'tessadt2aa', 'ss', '2015-05-05 08:04:17', 1),
(157, 'administrator', 'tessadt2aa', ':)', '2015-05-05 08:04:23', 1),
(158, 'administrator', 'tessadt2aa', 'a', '2015-05-05 08:06:03', 1),
(159, 'administrator', 'tessadt2aa', ':)', '2015-05-05 08:06:09', 1),
(160, 'administrator', 'tessadt2aa', 'a', '2015-05-05 08:06:48', 1),
(161, 'administrator', 'tessadt2aa', 'aaa', '2015-05-05 08:06:52', 1),
(162, 'administrator', 'tessadt2aa', 'a', '2015-05-05 08:07:11', 1),
(163, 'administrator', 'tessadt2aa', 'log', '2015-05-05 08:07:24', 1),
(164, 'administrator', 'tessadt2aa', 'a', '2015-05-05 08:08:19', 1),
(165, 'administrator', 'tessadt2aa', 'log', '2015-05-05 08:08:29', 1),
(166, 'administrator', 'tessadt2aa', ':)', '2015-05-05 08:08:32', 1),
(167, 'administrator', 'tessadt2aa', 'aa', '2015-05-05 08:09:16', 1),
(168, 'administrator', 'tessadt2aa', 'aa', '2015-05-05 08:09:40', 1),
(169, 'administrator', 'tessadt2aa', 'a', '2015-05-05 08:11:09', 1),
(170, 'administrator', 'tessadt2aa', 'hh', '2015-05-05 08:12:06', 1),
(171, 'administrator', 'tessadt2aa', 'gg', '2015-05-05 08:12:35', 1),
(172, 'administrator', 'tessadt2aa', 'aa', '2015-05-05 08:12:57', 1),
(173, 'administrator', 'tessadt2aa', 'gg', '2015-05-05 08:13:06', 1),
(174, 'administrator', 'tessadt2aa', 'aa', '2015-05-05 08:13:22', 1),
(175, 'administrator', 'tessadt2aa', 'aa', '2015-05-05 08:13:52', 1),
(176, 'administrator', 'tessadt2aa', 'aa', '2015-05-05 08:16:59', 1),
(177, 'administrator', 'tessadt2aa', 'aa', '2015-05-05 08:17:03', 1),
(178, 'administrator', 'tessadt2aa', 'aa', '2015-05-05 08:24:35', 1),
(179, 'administrator', 'tessadt2aa', 'aa', '2015-05-05 08:24:41', 1),
(180, 'administrator', 'tessadt2aa', 'bb', '2015-05-05 08:24:57', 1),
(181, 'administrator', 'tessadt2aa', 'ss', '2015-05-05 08:25:27', 1),
(182, 'administrator', 'tessadt2aa', 'ff', '2015-05-05 08:25:42', 1),
(183, 'administrator', 'tessadt2aa', 'yy', '2015-05-05 08:25:45', 1),
(184, 'tessadt2aa', 'administrator', 'ok', '2015-05-05 08:27:05', 1),
(185, 'tessadt2aa', 'administrator', 'hi :)', '2015-05-05 08:27:13', 1),
(186, 'administrator', 'tessadt2aa', 'hi :)', '2015-05-05 08:27:19', 1),
(187, 'administrator', 'tessadt2aa', 'hi', '2015-05-05 08:27:45', 1),
(188, 'administrator', 'tessadt2aa', 'hi', '2015-05-05 08:28:13', 1),
(189, 'administrator', 'tessadt2aa', 'hi :)', '2015-05-05 08:28:35', 1),
(190, 'administrator', 'tessadt2aa', 'ok', '2015-05-05 08:29:18', 1),
(191, 'administrator', 'tessadt2aa', 'okdd', '2015-05-05 08:29:22', 1),
(192, 'administrator', 'tessadt2aa', 'hh', '2015-05-05 08:29:54', 1),
(193, 'administrator', 'tessadt2aa', 'yy', '2015-05-05 08:29:56', 1),
(194, 'administrator', 'tessadt2aa', 'gg', '2015-05-05 08:30:48', 1),
(195, 'administrator', 'tessadt2aa', 'yy', '2015-05-05 08:30:53', 1),
(196, 'administrator', 'tessadt2aa', 'f', '2015-05-05 08:31:35', 1),
(197, 'administrator', 'tessadt2aa', 'gg', '2015-05-05 08:31:37', 1),
(198, 'administrator', 'tessadt2aa', 'ff', '2015-05-05 08:32:14', 1),
(199, 'administrator', 'tessadt2aa', 'yy', '2015-05-05 08:32:17', 1),
(200, 'administrator', 'tessadt2aa', 'tt', '2015-05-05 08:32:19', 1),
(201, 'administrator', 'tessadt2aa', 'tt', '2015-05-05 08:32:43', 1),
(202, 'administrator', 'tessadt2aa', 'tt', '2015-05-05 08:32:46', 1),
(203, 'administrator', 'tessadt2aa', 'aa', '2015-05-05 08:33:44', 1),
(204, 'administrator', 'tessadt2aa', 'f', '2015-05-05 08:33:49', 1),
(205, 'administrator', 'tessadt2aa', 'tt', '2015-05-05 08:34:36', 1),
(206, 'administrator', 'tessadt2aa', 'aa', '2015-05-05 08:34:55', 1),
(207, 'administrator', 'tessadt2aa', 'aa', '2015-05-05 08:35:09', 1),
(208, 'administrator', 'tessadt2aa', 'aa', '2015-05-05 08:35:23', 1),
(209, 'administrator', 'tessadt2aa', '99aa', '2015-05-05 08:35:30', 1),
(210, 'administrator', 'tessadt2aa', '9897', '2015-05-05 08:35:36', 1),
(211, 'administrator', 'tessadt2aa', '9897', '2015-05-05 08:35:51', 1),
(212, 'administrator', 'tessadt2aa', ':)', '2015-05-06 12:15:54', 1),
(213, 'administrator', 'tessadt2aa', ':)', '2015-05-06 12:15:58', 1),
(214, 'administrator', 'tessadt2aa', 's:', '2015-05-06 12:15:59', 1),
(215, 'administrator', 'tessadt2aa', 's', '2015-05-06 12:16:15', 1),
(216, 'administrator', 'tessadt2aa', ':)', '2015-05-06 12:16:17', 1),
(217, 'administrator', 'tessadt2aa', ':D', '2015-05-06 12:16:19', 1),
(218, 'administrator', 'tessadt2aa', ':)', '2015-05-06 12:16:21', 1),
(219, 'tessadt2aa', 'administrator', ':)', '2015-05-06 12:16:42', 1),
(220, 'tessadt2aa', 'administrator', ':D', '2015-05-06 12:16:44', 1),
(221, 'tessadt2aa', 'administrator', '-:D', '2015-05-06 12:16:51', 1);

-- --------------------------------------------------------

--
-- Table structure for table `emotions`
--

CREATE TABLE IF NOT EXISTS `emotions` (
  `id` int(11) NOT NULL AUTO_INCREMENT,
  `word` varchar(255) NOT NULL,
  `img` varchar(255) NOT NULL,
  PRIMARY KEY (`id`)
) ENGINE=InnoDB  DEFAULT CHARSET=latin1 AUTO_INCREMENT=109 ;

--
-- Dumping data for table `emotions`
--

INSERT INTO `emotions` (`id`, `word`, `img`) VALUES
(1, '0:-)', 'angel.gif'),
(2, ':)', 'smile.gif'),
(3, ':(', 'sad.gif'),
(4, ';)', 'wink.gif'),
(5, ':P', 'blum3.gif'),
(6, '8)', 'dirol.gif'),
(7, '@=', 'bomb.gif'),
(8, ':diablo:', 'diablo.gif'),
(9, ':music:', 'music2.gif'),
(10, '*KISSED*', 'air_kiss.gif'),
(11, '*TIRED*', 'boredom.gif'),
(12, '*STOP*', 'stop.gif'),
(13, '*KISSING*', 'kiss_3.gif'),
(14, '*GOOD*', 'good.gif'),
(15, '*DRINK*', 'drinks.gif'),
(16, '*IN_LOVE*', 'man_in_love.gif'),
(17, ':WACKO:', 'wacko.gif'),
(18, '*WASSUP*', 'mamba.gif'),
(19, '*BRAVO*', 'clapping.gif'),
(20, '*ROFL*', 'rofl.gif'),
(21, '*PARDON*', 'pardon.gif'),
(22, '*NO*', 'nea.gif'),
(23, '*LOL*', 'lol.gif'),
(24, '*CRAZY*', 'crazy.gif'),
(25, '*DONT_KNOW*', 'dntknw.gif'),
(26, '*SORRY*', 'sorry2.gif'),
(27, '*YAHOO*', 'yahoo.gif'),
(28, '*DANCE*', 'dance4.gif'),
(29, '*db*', 'pleasantry.gif'),
(30, '*HAPPY*', 'i-m_so_happy.gif'),
(31, '*HELP*', 'help.gif'),
(32, '/m/', 'new_russian.gif'),
(33, '*OK*', 'ok.gif'),
(34, '*ACUTE*', 'acute.gif'),
(35, '*BB*', 'bb.gif'),
(36, '*BYE*', 'bye.gif'),
(37, '*HI*', 'hi.gif'),
(38, '*SCRATCH*', 'scratch_one-s_head.gif'),
(39, '*YES!*', 'yes2.gif'),
(40, '*SMOKE*', 'smoke.gif'),
(41, '*BOSS*', 'big_boss.gif'),
(42, '*SARCASTIC*', 'sarcastic.gif'),
(43, '*BOAST*', 'boast.gif'),
(44, '*HOHO*', 'prankster2.gif'),
(45, '*SHOUT*', 'shout.gif'),
(46, '*VAVA*', 'black_eye.gif'),
(47, '*SEARCH*', 'search.gif'),
(48, '*BEACH*', 'beach.gif'),
(49, '*FOCUS*', 'focus.gif'),
(50, '*HUNTER*', 'hunter.gif'),
(51, '*GIRL_CRY*', 'girl_cray2.gif'),
(52, '*GIRL_CRAZY*', 'girl_crazy.gif'),
(53, '*HOSPITAL*', 'girl_hospital.gif'),
(54, '*GIRL_IN_LOVE*', 'girl_in_love.gif'),
(55, '*PINKGLASSES*', 'girl_pinkglassesf.gif'),
(56, '*HYSTERIC*', 'hysteric.gif'),
(57, '*TENDER*', 'tender.gif'),
(58, '*SPRUSE_UP*', 'spruce_up.gif'),
(59, '*FLIRT*', 'flirt.gif'),
(60, '*GIVE_HEART*', 'give_heart.gif'),
(61, '*CURTSEY*', 'curtsey.gif'),
(62, '*GIRL_DRINK*', 'girl_drink1.gif'),
(63, '*HAHA*', 'girl_haha.gif'),
(64, '*IMPOSSIBLE*', 'girl_impossible.gif'),
(65, '*SIGH*', 'girl_sigh.gif'),
(66, '*MOIL*', 'moil.gif'),
(67, '*YES*', 'yes3.gif'),
(68, '*MEGA_SHOK*', 'swoon2.gif'),
(69, '*THANK*', 'thank_you.gif'),
(70, '*KING*', 'king.gif'),
(71, '*LAZY*', 'lazy.gif'),
(72, '*FRIEND*', 'friends.gif'),
(73, '*PUNISH*', 'punish.gif'),
(74, '*WIZARD*', 'wizard.gif'),
(75, '*V*', 'victory.gif'),
(76, '*SPITEFUL*', 'spiteful.gif'),
(77, '*TEASE*', 'tease.gif'),
(78, '*SCARE*', 'scare.gif'),
(79, '*THIS*', 'this.gif'),
(80, '*PAINT*', 'paint2.gif'),
(81, '*TRAINING*', 'training1.gif'),
(82, '*PARTY*', 'party2.gif'),
(83, '*HELLO*', 'preved.gif'),
(84, '*MAIL*', 'mail1.gif'),
(85, '*WALL*', 'dash1.gif'),
(86, '*VAMPIRE*', 'vampire.gif'),
(87, '*GAMER*', 'gamer4.gif'),
(88, '*POPCORN*', 'popcorm1.gif'),
(89, '*IREFUL*', 'ireful1.gif'),
(90, ':-)', 'smile.gif'),
(91, ':-(', 'sad.gif'),
(92, ';-)', 'wink.gif'),
(93, ':p', 'blum3.gif'),
(94, ':-P', 'blum3.gif'),
(95, '8-)', 'dirol.gif'),
(96, ':-D', 'biggrin.gif'),
(97, ':-[', 'blush2.gif'),
(98, 'o_o', 'shok.gif'),
(99, ':-*', 'kiss2.gif'),
(100, ';-(', 'cray2.gif'),
(101, ':-X', 'secret.gif'),
(102, ':x', 'secret.gif'),
(103, ':-@', 'aggressive.gif'),
(104, ':-|', 'fool.gif'),
(105, ':-/', 'beee.gif'),
(106, '8P', 'mosking.gif'),
(107, ':-!', 'bad.gif'),
(108, '(F)', 'give_rose.gif');

-- --------------------------------------------------------

--
-- Table structure for table `groups`
--

CREATE TABLE IF NOT EXISTS `groups` (
  `id` mediumint(8) unsigned NOT NULL AUTO_INCREMENT,
  `name` varchar(20) NOT NULL,
  `description` varchar(100) NOT NULL,
  PRIMARY KEY (`id`)
) ENGINE=InnoDB  DEFAULT CHARSET=utf8 AUTO_INCREMENT=3 ;

--
-- Dumping data for table `groups`
--

INSERT INTO `groups` (`id`, `name`, `description`) VALUES
(1, 'admin', 'Administrator'),
(2, 'members', 'General User');

-- --------------------------------------------------------

--
-- Table structure for table `login_attempts`
--

CREATE TABLE IF NOT EXISTS `login_attempts` (
  `id` int(11) unsigned NOT NULL AUTO_INCREMENT,
  `ip_address` varchar(15) NOT NULL,
  `login` varchar(100) NOT NULL,
  `time` int(11) unsigned DEFAULT NULL,
  PRIMARY KEY (`id`)
) ENGINE=InnoDB DEFAULT CHARSET=utf8 AUTO_INCREMENT=1 ;

-- --------------------------------------------------------

--
-- Table structure for table `match`
--

CREATE TABLE IF NOT EXISTS `match` (
  `match_id` int(11) NOT NULL AUTO_INCREMENT,
  `user_id` int(11) NOT NULL,
  `matched_user_id` int(11) NOT NULL,
  PRIMARY KEY (`match_id`)
) ENGINE=InnoDB  DEFAULT CHARSET=latin1 AUTO_INCREMENT=3 ;

--
-- Dumping data for table `match`
--

INSERT INTO `match` (`match_id`, `user_id`, `matched_user_id`) VALUES
(1, 3, 1),
(2, 3, 2);

-- --------------------------------------------------------

--
-- Table structure for table `page`
--

CREATE TABLE IF NOT EXISTS `page` (
  `page_id` int(11) NOT NULL AUTO_INCREMENT,
  `page_name` varchar(255) NOT NULL,
  `page_url` varchar(255) NOT NULL,
  `page_desc` text NOT NULL,
  `page_content` text NOT NULL,
  `page_addtime` timestamp NOT NULL DEFAULT CURRENT_TIMESTAMP ON UPDATE CURRENT_TIMESTAMP,
  `page_img` varchar(255) NOT NULL,
  `page_user_id` int(11) NOT NULL,
  PRIMARY KEY (`page_id`),
  UNIQUE KEY `page_url` (`page_url`)
) ENGINE=InnoDB  DEFAULT CHARSET=utf8 AUTO_INCREMENT=3 ;

--
-- Dumping data for table `page`
--

INSERT INTO `page` (`page_id`, `page_name`, `page_url`, `page_desc`, `page_content`, `page_addtime`, `page_img`, `page_user_id`) VALUES
(1, 'About Us', 'about', 'About US', 'We are passionate about Dating and Relationship, that\'s why we create this online dating service to offer you the best way to meet people in the easiest way!', '2015-06-14 10:20:08', '', 0),
(2, 'TOS', 'tos', ' Terms of Service', 'Your Terms of Service Here', '2015-06-14 10:20:08', '', 0),
(3, 'Contact Us', 'contact', ' Contact Us', '<p>You can contact us at: <a href="mailto:your-email@your-dating-site.com?subject=Contact Request">your-email@your-dating-site.com</a><br /><br /> Please edit the page through the <em>Admin Panel -> Page</em></p>', '2015-06-14 10:20:08', '', 0);

-- --------------------------------------------------------

--
-- Table structure for table `photo`
--

CREATE TABLE IF NOT EXISTS `photo` (
  `id` int(11) NOT NULL AUTO_INCREMENT,
  `user_id` int(11) NOT NULL,
  `title` varchar(250) NOT NULL,
  `url` varchar(250) DEFAULT NULL,
  `priority` int(11) DEFAULT NULL,
  PRIMARY KEY (`id`)
) ENGINE=MyISAM  DEFAULT CHARSET=utf8 AUTO_INCREMENT=195 ;

--
-- Dumping data for table `photo`
--

INSERT INTO `photo` (`id`, `user_id`, `title`, `url`, `priority`) VALUES
(172, 1, 'My house!', 'eb4f-51.jpg', 5),
(173, 1, 'Some flowers', 'ac84-52.jpg', 2),
(176, 1, 'My garden!ff', '7ad8-63.jpg', 6),
(191, 1, '', '295ac-IMG_20131026_001043.jpg', 4),
(188, 1, '', 'e80c1-Screenshot-from-2014-07-27-16-47-22.png', 3),
(192, 1, '', '1c6aa-IMG_20131026_001145.jpg', 1),
(190, 9, '', 'ee5b5-IMG_20131026_001048.jpg', 7);

-- --------------------------------------------------------

--
-- Table structure for table `setting`
--

CREATE TABLE IF NOT EXISTS `setting` (
  `id` int(11) NOT NULL AUTO_INCREMENT,
  `site_title` varchar(255) NOT NULL,
  `promo_text` text NOT NULL,
  `service_description` text NOT NULL,
  `header_html_code_injection` text NOT NULL,
  PRIMARY KEY (`id`)
) ENGINE=InnoDB  DEFAULT CHARSET=latin1 AUTO_INCREMENT=2 ;

--
-- Dumping data for table `setting`
--

INSERT INTO `setting` (`id`, `site_title`, `promo_text`, `service_description`, `header_html_code_injection`) VALUES
(1, 'Online Dating Service', '<div class="center">\r\n<h1 class="pH0">The First "One Day Date Service" - Easy Flirt, Easy Date, Easy Meeting</h1>\r\n<h3 class="pH3">Made in a few minutes ONLY...!</h3>\r\n</div>', '<div class="center">\r\n<p>&nbsp;</p>\r\n        <div class="section-title">\r\n            <h1>How that really Works?</h1>\r\n            <h4>It''s As Simple As That!</h4>\r\n        </div>\r\n        <section class="row features">\r\n            <div class="col-sm-6 col-md-4">\r\n                <div class="thumbnail">\r\n                    <div class="icon-wrap"><i class="fa fa-users"></i></div>\r\n                    <div class="caption">\r\n                        <h4 class="zigzag-lead">Join Thousands of People</h4>\r\n                        <p>Join <a href="http://sofun.co">SoFun</a> and Meet New FUN People (always near from you).</p>\r\n                    </div>\r\n                </div>\r\n            </div>\r\n\r\n            <div class="col-sm-6 col-md-4">\r\n                <div class="thumbnail">\r\n                    <div class="icon-wrap"><i class="fa fa-user-plus"></i></div>\r\n                    <div class="caption">\r\n                        <h4 class="zigzag-lead">Find the best Matcher!</h4>\r\n                        <p>Vote and find the most related person.</p>\r\n                    </div>\r\n                </div>\r\n            </div>\r\n\r\n            <div class="col-sm-6 col-md-4">\r\n                <div class="thumbnail">\r\n                    <div class="icon-wrap"><i class="fa fa-comments"></i></div>\r\n                    <div class="caption">\r\n                        <h4 class="zigzag-lead">Start to Chat and +++</h4>\r\n                        <p>Once your match accepted you, you''ll start a wonderful relationship! You''ll see!!</p>\r\n                    </div>\r\n                </div>\r\n            </div>\r\n        </section>\r\n<p>&nbsp;</p>\r\n<h1>Why this Dating Site is so different from the competitors?</h1>\r\n<section>\r\n<p>We has created a new and unique dating generation service that any other websites currently offer</p>\r\n<p>This website wants to propose a dating service simple and really really fast.<br />\r\n That''s mean the you will be able to date someone in a few minutes after the registration and meet him/her today/tonight.<br />\r\n <strong>Exciting that, isn''t it?<strong></p>\r\n</section>\r\n<p>&nbsp;</p>\r\n<p>&nbsp;</p>\r\n</div>', '');

-- --------------------------------------------------------

--
-- Table structure for table `site_setting`
--

CREATE TABLE IF NOT EXISTS `site_setting` (
  `site_setting_id` int(11) NOT NULL AUTO_INCREMENT,
  `site_setting_key` varchar(255) NOT NULL,
  `site_setting_value` text NOT NULL,
  PRIMARY KEY (`site_setting_id`)
) ENGINE=InnoDB DEFAULT CHARSET=latin1 AUTO_INCREMENT=1 ;

-- --------------------------------------------------------

--
-- Table structure for table `users`
--

CREATE TABLE IF NOT EXISTS `users` (
  `id` int(11) unsigned NOT NULL AUTO_INCREMENT,
  `ip_address` varchar(15) NOT NULL,
  `username` varchar(100) NOT NULL,
  `password` varchar(255) NOT NULL,
  `salt` varchar(255) DEFAULT NULL,
  `email` varchar(100) NOT NULL,
  `profile_photo` varchar(255) NOT NULL,
  `prefer_opposite_sex` tinyint(1) NOT NULL,
  `country` varchar(255) NOT NULL,
  `state` varchar(255) NOT NULL,
  `city` varchar(255) NOT NULL,
  `sex` enum('male','female') NOT NULL,
  `activation_code` varchar(40) DEFAULT NULL,
  `forgotten_password_code` varchar(40) DEFAULT NULL,
  `forgotten_password_time` int(11) unsigned DEFAULT NULL,
  `remember_code` varchar(40) DEFAULT NULL,
  `created_on` int(11) unsigned NOT NULL,
  `last_login` int(11) unsigned DEFAULT NULL,
  `active` tinyint(1) unsigned DEFAULT NULL,
  `first_name` varchar(50) DEFAULT NULL,
  `last_name` varchar(50) DEFAULT NULL,
  `phone` varchar(20) DEFAULT NULL,
  PRIMARY KEY (`id`)
) ENGINE=InnoDB  DEFAULT CHARSET=utf8 AUTO_INCREMENT=194 ;

--
-- Dumping data for table `users`
--

INSERT INTO `users` (`id`, `ip_address`, `username`, `password`, `salt`, `email`, `profile_photo`, `prefer_opposite_sex`, `country`, `state`, `city`, `sex`, `activation_code`, `forgotten_password_code`, `forgotten_password_time`, `remember_code`, `created_on`, `last_login`, `active`, `first_name`, `last_name`, `phone`) VALUES
(1, '127.0.0.1', 'administrator', '$2y$06$5VDhY7WPX4chzWL1Ma1x6.diPNYz2viFZmILZHjQ5eFvaQpozbkc6', '', 'demo@demo.com', 'e3fa72ba628c04ba6623f2f4da17a6911.jpg', 1, 'Egypt', 'Al Qahirah', 'Cairo', 'male', '', 'xziQVXT1tn6Yd9rGAFlkFO7eddab62f68e1c5312', 1423081602, NULL, 1268889823, 1430914821, 1, 'Admin', 'istrator', '0'),
(2, '127.0.0.1', 'test', '$2y$08$CpVZTRXFWzQzF0fgJLHmdO19aAAnR7TwaEV9KGv6ZgnglgHIsVUWW', NULL, 'test@example.com', 'e8420-user2.jpg', 1, 'Egypt', 'Al Qahirah', 'Cairo', 'male', NULL, NULL, NULL, NULL, 1411398157, 1411401209, 1, 'test', NULL, NULL),
(3, '127.0.0.1', 'tessadt2aa', '$2y$08$/xCuHK6umCMsaiYyk3U.4.qS5Hom2PajLKqRsJDXuSxGcmetlE8m6', NULL, 'test2@example.com', 'd10a6-80.jpg', 1, 'Egypt', 'Al Qahirah', 'Cairo', 'male', NULL, NULL, NULL, NULL, 1411403802, 1430914597, 1, 'test2', 'aa', '01110042952'),
(4, '197.35.60.174', 'lazylion735', '$2y$08$POoPx2JDmqYndEGt7YwgCu9gYqxsX115OafWXQ48iUsp9mSYkzum.', NULL, 'emma.harris11@example.com', '17.jpg', 0, 'India', 'Delhi', 'New Delhi', 'female', NULL, NULL, NULL, NULL, 1411543308, 1411543308, 1, 'emma', 'harris', '(115)-310-3956'),
(5, '197.35.60.174', 'whitedog755', '$2y$08$KxtGmWYAGZdj5zdM0FxAf.O/FHIgidJ0K0erZOM0Itu10bbuvL8Gi', NULL, 'raymond.butler94@example.com', '46.jpg', 0, 'India', 'Delhi', 'New Delhi', 'male', NULL, NULL, NULL, NULL, 1411543309, 1412953203, 1, 'raymond', 'butler', '(960)-619-3407'),
(6, '197.35.60.174', 'greenostrich681', '$2y$08$ASoT0m.0THLRQ3bhgDkHTejH8iM2wlc8Ej1a7C36qIT9LWA.JZSBy', NULL, 'hugh.gonzalez54@example.com', '76.jpg', 0, 'India', 'Delhi', 'New Delhi', 'male', NULL, NULL, NULL, NULL, 1411543310, 1411543310, 1, 'hugh', 'gonzalez', '(636)-888-9271'),
(7, '197.35.60.174', 'heavylion54', '$2y$08$X8LaAkMHFkfR351sLpDp8.jA/7AIIYSuLnsVk5bwCS8Wv5K6spozu', NULL, 'elsie.hoffman15@example.com', '10.jpg', 0, 'India', 'Delhi', 'New Delhi', 'female', NULL, NULL, NULL, NULL, 1411543311, 1411543311, 1, 'elsie', 'hoffman', '(376)-275-9088'),
(8, '197.35.60.174', 'crazybutterfly647', '$2y$08$f52pGoqpn6nd/JMks0e18.ZCTST2xaaR1AuX6AEp2tGFFqnenZ6Oq', NULL, 'herminia.fisher66@example.com', '92.jpg', 0, 'India', 'Delhi', 'New Delhi', 'female', NULL, NULL, NULL, NULL, 1411543312, 1411543312, 1, 'herminia', 'fisher', '(677)-481-6608'),
(9, '197.35.60.174', 'reddog60', '$2y$08$Bo18750Y.2kg1ac74lVLYuuZJd0TpVWEi0SLVL8VBxkq0N4vS0NKC', NULL, 'corey.turner87@example.com', '51.jpg', 0, 'India', 'Delhi', 'New Delhi', 'male', NULL, NULL, NULL, NULL, 1411543314, 1411543314, 1, 'corey', 'turner', '(956)-363-6565'),
(10, '197.35.60.174', 'crazywolf901', '$2y$08$0nhyTYQhrvubu/421M2Gc.UvqvLY9Bbb7.80m.o2URUkM4u38Ife2', NULL, 'ida.brooks73@example.com', '21.jpg', 0, 'India', 'Delhi', 'New Delhi', 'female', NULL, NULL, NULL, NULL, 1411543315, 1411543315, 1, 'ida', 'brooks', '(114)-644-1277'),
(11, '197.35.60.174', 'brownwolf159', '$2y$08$sgQRc4hTnAz6.Vp76/cKdeQyKBQk0U0MNLn4udPixS.V8Af3HBvo.', NULL, 'leah.foster63@example.com', '42.jpg', 0, 'India', 'Delhi', 'New Delhi', 'female', NULL, NULL, NULL, NULL, 1411543316, 1411543316, 1, 'leah', 'foster', '(413)-162-4842'),
(12, '197.35.60.174', 'redsnake474', '$2y$08$GkUub8CYjgiuoxBsVAPYwOxnI2bDtEypZu76YCNwplwtrh0VfvhD2', NULL, 'harvey.carroll77@example.com', '80.jpg', 0, 'India', 'Delhi', 'New Delhi', 'male', NULL, NULL, NULL, NULL, 1411543317, 1411543317, 1, 'harvey', 'carroll', '(360)-879-2747'),
(13, '197.35.60.174', 'orangesnake889', '$2y$08$yP7ghm22azjI1zzEuQNnMuZqUEZD4DDTIXW9SZT.m2bjjwjZv/MY2', NULL, 'terrance.vargas38@example.com', '58.jpg', 0, 'India', 'Delhi', 'New Delhi', 'male', NULL, NULL, NULL, NULL, 1411543318, 1411543318, 1, 'terrance', 'vargas', '(357)-906-2691'),
(14, '197.35.60.174', 'ticklishfrog354', '$2y$08$oKf/UIsPjJjF1JP2STX9r.Y.UCx0YbgN0WKMHAPZkcP2y8jLqNzJa', NULL, 'hugh.cunningham21@example.com', '2.jpg', 0, 'India', 'Delhi', 'New Delhi', 'male', NULL, NULL, NULL, NULL, 1411543319, 1411543319, 1, 'hugh', 'cunningham', '(844)-454-3339'),
(15, '197.35.60.174', 'yellowbear28', '$2y$08$yzSjtdIdhmoM94uye8.cu.ilF0pTMis2blXtTk7ksYuYAqYVZwyuK', NULL, 'naomi.palmer57@example.com', '25.jpg', 0, 'India', 'Delhi', 'New Delhi', 'female', NULL, NULL, NULL, NULL, 1411543320, 1411543320, 1, 'naomi', 'palmer', '(952)-687-3196'),
(16, '197.35.60.174', 'silverpeacock296', '$2y$08$8e0fov6KQRECVkQ.j9JXs.JvqFxUyqXy69mRQ9NICfR7NJK5.OH72', NULL, 'wade.james88@example.com', '20.jpg', 0, 'India', 'Delhi', 'New Delhi', 'male', NULL, NULL, NULL, NULL, 1411543322, 1411543322, 1, 'wade', 'james', '(333)-794-7114'),
(17, '197.35.60.174', 'orangetiger367', '$2y$08$0/6O6L8n4X7HTAmsYdJoXOLZqq0Y8N6J0Orucbdw3GJX8uP1LV16m', NULL, 'donald.robinson44@example.com', '2.jpg', 0, 'India', 'Delhi', 'New Delhi', 'male', NULL, NULL, NULL, NULL, 1411543323, 1411543323, 1, 'donald', 'robinson', '(213)-509-7008'),
(18, '197.35.60.174', 'orangeelephant673', '$2y$08$S7OL8fxPHZj.Lq5wzzc7K.xsxqP.xbGe3uk.MQrVX3BXRrJYlDhH2', NULL, 'lydia.cunningham95@example.com', '44.jpg', 0, 'India', 'Delhi', 'New Delhi', 'female', NULL, NULL, NULL, NULL, 1411543324, 1411543324, 1, 'lydia', 'cunningham', '(246)-277-8032'),
(19, '197.35.60.174', 'ticklishpeacock430', '$2y$08$g0Ho/avQsifsL742nJqPLOs1mn7sBDbFX/jfGKm6UBJgKsCgI2Uny', NULL, 'billy.riley40@example.com', '45.jpg', 0, 'India', 'Delhi', 'New Delhi', 'male', NULL, NULL, NULL, NULL, 1411543325, 1411543325, 1, 'billy', 'riley', '(715)-639-6074'),
(20, '197.35.60.174', 'crazyfish813', '$2y$08$6AzRTPe2/Phbu4OW3eFwXuncMYf/OvKweDi1SBkB7eV7/56EXV2RG', NULL, 'isaiah.simmmons22@example.com', '19.jpg', 0, 'India', 'Delhi', 'New Delhi', 'male', NULL, NULL, NULL, NULL, 1411543327, 1411543327, 1, 'isaiah', 'simmmons', '(188)-585-2643'),
(21, '197.35.60.174', 'whiteladybug5', '$2y$08$RbmHbLBSdKyCb5nILblNueI9YKBOU2Y0ystjq5KkZOqMCZApkbqxO', NULL, 'ken.sutton45@example.com', '73.jpg', 0, 'India', 'Delhi', 'New Delhi', 'male', NULL, NULL, NULL, NULL, 1411543328, 1411543328, 1, 'ken', 'sutton', '(150)-668-1489'),
(22, '197.35.60.174', 'yellowduck466', '$2y$08$wQcdxVYWc4zNu2EL7/A2Ou5t2EWPl0IFjQ6Rd7B7MQ5z3jzSKYNEe', NULL, 'kelly.rodriguez26@example.com', '39.jpg', 0, 'India', 'Delhi', 'New Delhi', 'female', NULL, NULL, NULL, NULL, 1411543329, 1411543329, 1, 'kelly', 'rodriguez', '(816)-433-4508'),
(23, '197.35.60.174', 'purplerabbit760', '$2y$08$F7hYrlenydDzYbqE45bbRuJ2S61jFnyn/JH5pPL/43c1YTlYbX8i2', NULL, 'jesus.reyes14@example.com', '74.jpg', 0, 'India', 'Delhi', 'New Delhi', 'male', NULL, NULL, NULL, NULL, 1411543330, 1411543330, 1, 'jesus', 'reyes', '(795)-679-7955'),
(24, '197.35.60.174', 'greengorilla818', '$2y$08$O8aDigqSiHrunsUqAPg.7.YuPSKBs9p43l3yV2sxW0H.sObMTlZES', NULL, 'shane.gonzalez29@example.com', '75.jpg', 0, 'India', 'Delhi', 'New Delhi', 'male', NULL, NULL, NULL, NULL, 1411543331, 1411543331, 1, 'shane', 'gonzalez', '(810)-911-5319'),
(25, '197.35.60.174', 'bluecat441', '$2y$08$PvwTqOrtpY9nv.0.U7JRmOOp3kl1m2tyTVUCPw7KHfhbL48/aZGr2', NULL, 'ricky.horton98@example.com', '98.jpg', 0, 'India', 'Delhi', 'New Delhi', 'male', NULL, NULL, NULL, NULL, 1411543332, 1411543332, 1, 'ricky', 'horton', '(376)-721-2705'),
(26, '197.35.60.174', 'brownbutterfly569', '$2y$08$xkth3fgSdSwlGBqGB6WcHuY7sIORJhYxGh07iK135.4vveLRJ6yoi', NULL, 'mark.robinson41@example.com', '4.jpg', 0, 'India', 'Delhi', 'New Delhi', 'male', NULL, NULL, NULL, NULL, 1411543334, 1411543334, 1, 'mark', 'robinson', '(955)-669-7474'),
(27, '197.35.60.174', 'silverswan350', '$2y$08$BUFFnudEmL5rczehlan6mOUW/E/tFai4PwwExEQv7JhZjkWUjRyBe', NULL, 'roger.grant78@example.com', '55.jpg', 0, 'India', 'Delhi', 'New Delhi', 'male', NULL, NULL, NULL, NULL, 1411543335, 1411543335, 1, 'roger', 'grant', '(291)-657-5257'),
(28, '197.35.60.174', 'yellowleopard118', '$2y$08$2kUdyoNsurN3.i.jzC70zO5u4fMLTHGYEvzMoc4EguaBhGsDwq21C', NULL, 'vera.ryan90@example.com', '15.jpg', 0, 'India', 'Delhi', 'New Delhi', 'female', NULL, NULL, NULL, NULL, 1411543336, 1411543336, 1, 'vera', 'ryan', '(763)-102-3437'),
(29, '197.35.60.174', 'beautifulkoala612', '$2y$08$DI7CTGs/ehR1c.5pAkXCEOWXVAn46vJOe72szH4Ot.u8eQz/1Rj6G', NULL, 'bob.howell42@example.com', '69.jpg', 0, 'India', 'Delhi', 'New Delhi', 'male', NULL, NULL, NULL, NULL, 1411543337, 1411543337, 1, 'bob', 'howell', '(454)-652-2155'),
(30, '197.35.60.174', 'silverwolf257', '$2y$08$cJ7GmPWK/vw41CUMfX/G7OrPhqFapLEndPLZihRwwp3iXDa8gl7qa', NULL, 'edith.ray82@example.com', '30.jpg', 0, 'India', 'Delhi', 'New Delhi', 'female', NULL, NULL, NULL, NULL, 1411543338, 1411543338, 1, 'edith', 'ray', '(677)-621-7611'),
(31, '197.35.60.174', 'greenswan553', '$2y$08$O73t48BWsd3.mmxmSk0TAuJrCw7uS58hARhGvwG1XOq5ZcSswmJla', NULL, 'rebecca.russell74@example.com', '22.jpg', 0, 'India', 'Delhi', 'New Delhi', 'female', NULL, NULL, NULL, NULL, 1411543339, 1411543339, 1, 'rebecca', 'russell', '(844)-934-1757'),
(32, '197.35.60.174', 'yellowladybug878', '$2y$08$Ly7QMeubNNNO61UIAaAPe.XPm9/e/YnXSiYZTq1OBaw.mQjjT.ZSy', NULL, 'randall.perez93@example.com', '85.jpg', 0, 'India', 'Delhi', 'New Delhi', 'male', NULL, NULL, NULL, NULL, 1411543341, 1411543341, 1, 'randall', 'perez', '(923)-366-2620'),
(33, '197.35.60.174', 'purplemeercat786', '$2y$08$h8KtADv64VdRBPjtnbcca.qa29oJ4TRZRCqLwyDCVrixV8lPWpEzO', NULL, 'florence.lee68@example.com', '28.jpg', 0, 'India', 'Delhi', 'New Delhi', 'female', NULL, NULL, NULL, NULL, 1411543342, 1411543342, 1, 'florence', 'lee', '(152)-601-6650'),
(34, '197.35.60.174', 'tinymeercat953', '$2y$08$nFmpfB0UADYyOBmG1RbUOesFbAeG.OyKCGvRomfEhlj.ObgAdh1Ze', NULL, 'alyssa.morris83@example.com', '95.jpg', 0, 'India', 'Delhi', 'New Delhi', 'female', NULL, NULL, NULL, NULL, 1411543343, 1411543343, 1, 'alyssa', 'morris', '(861)-263-3116'),
(35, '197.35.60.174', 'bigostrich628', '$2y$08$kkUJ./gT7Bw88JGlcxRMm.llzXBBkgll8F6L2uNE26VqO2JuI.Ew.', NULL, 'leona.carroll26@example.com', '49.jpg', 0, 'India', 'Delhi', 'New Delhi', 'female', NULL, NULL, NULL, NULL, 1411543344, 1411543344, 1, 'leona', 'carroll', '(404)-502-1007'),
(36, '197.35.60.174', 'whiterabbit939', '$2y$08$lvdMzS5KfCNJq7EJ8yz8aeK8TEoH00E8DJD2JnzfJqE1gWy7RbbTe', NULL, 'janice.morrison55@example.com', '47.jpg', 0, 'India', 'Delhi', 'New Delhi', 'female', NULL, NULL, NULL, NULL, 1411543345, 1411543345, 1, 'janice', 'morrison', '(798)-521-7135'),
(37, '197.35.60.174', 'bluepeacock998', '$2y$08$0H.pceuoFROrA6KuoQWp3uUW5PkuMxcxnC6SrXdl/waNsy7X9/zqy', NULL, 'sebastian.peters71@example.com', '24.jpg', 0, 'India', 'Delhi', 'New Delhi', 'male', NULL, NULL, NULL, NULL, 1411543346, 1411543346, 1, 'sebastian', 'peters', '(218)-758-2532'),
(38, '197.35.60.174', 'purpleelephant737', '$2y$08$nM6U0zpX5acDjJuZUCuuTOdmcH3IuRh/dPc11.7cdSdqVcpFNu/92', NULL, 'terry.bishop54@example.com', '57.jpg', 0, 'India', 'Delhi', 'New Delhi', 'male', NULL, NULL, NULL, NULL, 1411543348, 1411543348, 1, 'terry', 'bishop', '(260)-757-7700'),
(39, '197.35.60.174', 'greenbear94', '$2y$08$ApowW3Gjuqcf4ghmWZgLPuBvyiV9p4V.zRArqPT81.WRWS.Ix9Hze', NULL, 'misty.hicks35@example.com', '23.jpg', 0, 'India', 'Delhi', 'New Delhi', 'female', NULL, NULL, NULL, NULL, 1411543349, 1411543349, 1, 'misty', 'hicks', '(482)-408-7488'),
(40, '197.35.60.174', 'organicpanda951', '$2y$08$41DTgrUkHTYofGdvdF6C4.KaIOb2qFJ2SsYvrB63ka.nEEtNHuIWa', NULL, 'felix.watts48@example.com', '41.jpg', 0, 'India', 'Delhi', 'New Delhi', 'male', NULL, NULL, NULL, NULL, 1411543350, 1411543350, 1, 'felix', 'watts', '(319)-958-2639'),
(41, '197.35.60.174', 'blueelephant779', '$2y$08$uXWiyvJ51LXJquxTUC.3pumoaIJnWD3/9IUoUh4uEVqpyK3qdSSXi', NULL, 'patsy.willis43@example.com', '38.jpg', 0, 'India', 'Delhi', 'New Delhi', 'female', NULL, NULL, NULL, NULL, 1411543351, 1411543351, 1, 'patsy', 'willis', '(775)-324-8811'),
(42, '197.35.60.174', 'organicwolf477', '$2y$08$15g8VzajzHSgbQbvH74FRudGQ.QyPLNaxQWC7toOX.d.TSgZMmPZ2', NULL, 'bertha.chapman82@example.com', '52.jpg', 0, 'India', 'Delhi', 'New Delhi', 'female', NULL, NULL, NULL, NULL, 1411543352, 1411543352, 1, 'bertha', 'chapman', '(543)-372-6527'),
(43, '197.35.60.174', 'greenleopard519', '$2y$08$yjwMdfZ5hpRO1SSVtCd9TeAxUK7Wccj5f7rAjxYPTINvIvDcyzgmO', NULL, 'felix.mason83@example.com', '3.jpg', 0, 'India', 'Delhi', 'New Delhi', 'male', NULL, NULL, NULL, NULL, 1411543354, 1411543354, 1, 'felix', 'mason', '(510)-101-2650'),
(44, '197.35.60.174', 'purplebear869', '$2y$08$dLJrLoN.tm7f.Vl/mNQC4.UxjxM/i5w5yIAwoH7xwQbaf6LssoT26', NULL, 'vincent.curtis72@example.com', '41.jpg', 0, 'India', 'Delhi', 'New Delhi', 'male', NULL, NULL, NULL, NULL, 1411543355, 1411543355, 1, 'vincent', 'curtis', '(945)-820-6634'),
(45, '197.35.60.174', 'silvercat241', '$2y$08$xjsBhN4Jdw4494fB42ImO.9m61B.yFWc3woMsJ4HE3hiciTxKlAu2', NULL, 'esther.castillo41@example.com', '18.jpg', 0, 'India', 'Delhi', 'New Delhi', 'female', NULL, NULL, NULL, NULL, 1411543356, 1411543356, 1, 'esther', 'castillo', '(683)-955-6474'),
(46, '197.35.60.174', 'brownpanda868', '$2y$08$SmQNvhb7KUB/ruqERxAguegottrEAZSgtwVwthOPComxH8Az1SQ8a', NULL, 'dennis.reed88@example.com', '31.jpg', 0, 'India', 'Delhi', 'New Delhi', 'male', NULL, NULL, NULL, NULL, 1411543357, 1411543357, 1, 'dennis', 'reed', '(617)-346-6154'),
(47, '197.35.60.174', 'smallladybug224', '$2y$08$SwaY3b6k35X/FI7QdM22KuDWWJBC6hYR0EFbvfopoEABSFytLD/Vq', NULL, 'willard.howard40@example.com', '26.jpg', 0, 'India', 'Delhi', 'New Delhi', 'male', NULL, NULL, NULL, NULL, 1411543358, 1411543358, 1, 'willard', 'howard', '(705)-987-9405'),
(48, '197.35.60.174', 'blackpeacock580', '$2y$08$8NH7liMC/LFohWiEghr0MeoBg4Ayl2qDVyOgjJ2Oujmz9wAMYCtgq', NULL, 'soham.jenkins98@example.com', '44.jpg', 0, 'India', 'Delhi', 'New Delhi', 'male', NULL, NULL, NULL, NULL, 1411543360, 1411543360, 1, 'soham', 'jenkins', '(278)-558-5916'),
(49, '197.35.60.174', 'yellowbird296', '$2y$08$T.NXl5tgtPOaLg/r3.eLnOHxwKZexqkObHkB9rqGR5ibt6/4.4dC2', NULL, 'curtis.simpson97@example.com', '95.jpg', 0, 'India', 'Delhi', 'New Delhi', 'male', NULL, NULL, NULL, NULL, 1411543361, 1411543361, 1, 'curtis', 'simpson', '(127)-515-2423'),
(50, '197.35.60.174', 'goldenwolf445', '$2y$08$qHTfh9OugF.o.GKMCmkQJux6etm/K5imvkiugF7uUhYZMyWY8sZh2', NULL, 'nevaeh.medina41@example.com', '7.jpg', 0, 'India', 'Delhi', 'New Delhi', 'female', NULL, NULL, NULL, NULL, 1411543362, 1411543362, 1, 'nevaeh', 'medina', '(932)-368-9859'),
(51, '197.35.60.174', 'tinyleopard691', '$2y$08$UtjcIxQnOE1vLfhHAOOdSeeSdypC/ER7GFLrqD..hk4ELgIXy8RsS', NULL, 'isaiah.rose52@example.com', '33.jpg', 0, 'India', 'Delhi', 'New Delhi', 'male', NULL, NULL, NULL, NULL, 1411543363, 1411543363, 1, 'isaiah', 'rose', '(663)-279-9469'),
(52, '197.35.60.174', 'crazymeercat230', '$2y$08$EwF5x9ZYGqgK5SHUw8hdJ..KNXm1O8902gqNvorXXGNiRh8K2TBwq', NULL, 'randy.cunningham18@example.com', '34.jpg', 0, 'India', 'Delhi', 'New Delhi', 'male', NULL, NULL, NULL, NULL, 1411543364, 1411543364, 1, 'randy', 'cunningham', '(797)-994-4323'),
(53, '197.35.60.174', 'bigswan904', '$2y$08$zl0Ncwojk6C.gyyXlorSzOp0kXwEJ3yP5XkgxHaCzdophippUC626', NULL, 'curtis.vargas85@example.com', '94.jpg', 0, 'India', 'Delhi', 'New Delhi', 'male', NULL, NULL, NULL, NULL, 1411543366, 1411543366, 1, 'curtis', 'vargas', '(122)-393-3641'),
(54, '197.35.60.174', 'goldenlion915', '$2y$08$BVbaEHUFK4anaf.n1rGvEOFas6naIul6UkB0ItqK5XuTHJlAjXNVi', NULL, 'craig.stephens15@example.com', '39.jpg', 0, 'Egypt', 'Al Qahirah', 'Nasr City', 'male', NULL, NULL, NULL, NULL, 1411544700, 1411544700, 1, 'craig', 'stephens', '(865)-203-9513'),
(55, '197.35.60.174', 'smallswan742', '$2y$08$o5MCDv/y9dwB3SQMeQeOAeMoi6zm79Q33CJmS8laC98vLgJIa60Fm', NULL, 'eddie.foster69@example.com', '14.jpg', 0, 'Egypt', 'Al Qahirah', 'Nasr City', 'male', NULL, NULL, NULL, NULL, 1411544701, 1411544701, 1, 'eddie', 'foster', '(175)-447-7292'),
(56, '197.35.60.174', 'orangefrog418', '$2y$08$/Wh/wsnvVrW2YpaBI5otWu6JRmMXuoYgstwJgPy382z8XIBeakTNi', NULL, 'willie.moreno15@example.com', '42.jpg', 0, 'Egypt', 'Al Qahirah', 'Nasr City', 'male', NULL, NULL, NULL, NULL, 1411544702, 1411544702, 1, 'willie', 'moreno', '(773)-279-4748'),
(57, '197.35.60.174', 'goldensnake65', '$2y$08$vsMDY.PTEocwbLIH8EFaWOQsjWf/QJjy5w1CgDRSFbosUvJkfSPXW', NULL, 'dolores.frazier40@example.com', '34.jpg', 0, 'Egypt', 'Al Qahirah', 'Nasr City', 'female', NULL, NULL, NULL, NULL, 1411544704, 1411544704, 1, 'dolores', 'frazier', '(280)-531-1620'),
(58, '197.35.60.174', 'purpleelephant789', '$2y$08$ORpdjNCUy/5dtIrgP3JnPe4ha9ZNfDMwKn2BPMGpdYVIwBlsuYzDm', NULL, 'katrina.bell34@example.com', '89.jpg', 0, 'Egypt', 'Al Qahirah', 'Nasr City', 'female', NULL, NULL, NULL, NULL, 1411544705, 1411544705, 1, 'katrina', 'bell', '(224)-141-2946'),
(59, '197.35.60.174', 'beautifulswan227', '$2y$08$IurvVDGx1vZw3ueXTr00DuiJPQ8F84DuGUOv.aa3DrZfy4jIjwWo.', NULL, 'ron.brown27@example.com', '52.jpg', 0, 'Egypt', 'Al Qahirah', 'Nasr City', 'male', NULL, NULL, NULL, NULL, 1411544706, 1411544706, 1, 'ron', 'brown', '(219)-360-3790'),
(60, '197.35.60.174', 'ticklishfrog242', '$2y$08$1IDVJu384h5ZlnLyhNKWA.vNRRM6KUlhE6Lcsy2vRcbJFPhB3b/ei', NULL, 'jose.watts39@example.com', '44.jpg', 0, 'Egypt', 'Al Qahirah', 'Nasr City', 'male', NULL, NULL, NULL, NULL, 1411544707, 1411544707, 1, 'jose', 'watts', '(834)-708-4954'),
(61, '197.35.60.174', 'yellowpeacock495', '$2y$08$FpqFZpxhxIHVBYU/Ei8whuXQxij4bK3irXCnueTQbyUhutbP.K4GS', NULL, 'daisy.gonzales93@example.com', '82.jpg', 0, 'Egypt', 'Al Qahirah', 'Nasr City', 'female', NULL, NULL, NULL, NULL, 1411544709, 1411544709, 1, 'daisy', 'gonzales', '(323)-339-3938'),
(62, '197.35.60.174', 'brownpanda495', '$2y$08$ay2yvtAY7vCXbBykxL3YWuqJRM2oOnqKAwqsmmlDHeJxN.M9KvsKS', NULL, 'tom.ellis17@example.com', '48.jpg', 0, 'Egypt', 'Al Qahirah', 'Nasr City', 'male', NULL, NULL, NULL, NULL, 1411544710, 1411544710, 1, 'tom', 'ellis', '(805)-241-7383'),
(63, '197.35.60.174', 'bluewolf196', '$2y$08$75zOy8AqUIXC3xUObypncuU85lb0zkspZSV2AG0/IvY.CXd.Fxs1.', NULL, 'kathryn.perkins91@example.com', '20.jpg', 0, 'Egypt', 'Al Qahirah', 'Nasr City', 'female', NULL, NULL, NULL, NULL, 1411544711, 1411544711, 1, 'kathryn', 'perkins', '(105)-486-6045'),
(64, '197.35.60.174', 'heavydog711', '$2y$08$C4y9wshpeYPPN2OYq3UVbeR/sRIfCBRih5unFjq56jNa4iYQrwzt6', NULL, 'gabriel.hayes88@example.com', '29.jpg', 0, 'Egypt', 'Al Qahirah', 'Nasr City', 'male', NULL, NULL, NULL, NULL, 1411544712, 1411544712, 1, 'gabriel', 'hayes', '(790)-694-6636'),
(65, '197.35.60.174', 'heavygorilla344', '$2y$08$wsxcZIxMw8OgLNCueublHuxwcaEwlmtEvekFw88cSBx7p2NM4JFNu', NULL, 'eugene.watson47@example.com', '90.jpg', 0, 'Egypt', 'Al Qahirah', 'Nasr City', 'male', NULL, NULL, NULL, NULL, 1411544713, 1411544713, 1, 'eugene', 'watson', '(312)-594-7585'),
(66, '197.35.60.174', 'organiclion555', '$2y$08$JeYZxK2hfvmU1oMbH4gsrOS.RgjNh5xZv1K.Z0gZDRbJAB4sFp09C', NULL, 'pearl.wood79@example.com', '37.jpg', 0, 'Egypt', 'Al Qahirah', 'Nasr City', 'female', NULL, NULL, NULL, NULL, 1411544715, 1411544715, 1, 'pearl', 'wood', '(207)-353-9215'),
(67, '197.35.60.174', 'silverswan733', '$2y$08$4DVpZZh4g5RchZmlxTHGXukESCIaMvU4cBTvD6ECF22bmpXq6UTMC', NULL, 'gabriel.johnson20@example.com', '19.jpg', 0, 'Egypt', 'Al Qahirah', 'Nasr City', 'male', NULL, NULL, NULL, NULL, 1411544716, 1411544716, 1, 'gabriel', 'johnson', '(956)-741-7739'),
(68, '197.35.60.174', 'tinypeacock68', '$2y$08$tr/fq9z/ug3Efva2j29OV..g8QZQjecmH8Mr5itMDnXQSEswY0VfG', NULL, 'zoey.kelley82@example.com', '13.jpg', 0, 'Egypt', 'Al Qahirah', 'Nasr City', 'female', NULL, NULL, NULL, NULL, 1411544717, 1411544717, 1, 'zoey', 'kelley', '(143)-897-9442'),
(69, '197.35.60.174', 'beautifulfrog428', '$2y$08$x.v1Y0K/hUnGzyzoHuE56OckflwMeECokB.OLGMZVOMUsSWesGrpq', NULL, 'alice.ramos91@example.com', '13.jpg', 0, 'Egypt', 'Al Qahirah', 'Nasr City', 'female', NULL, NULL, NULL, NULL, 1411544719, 1411544719, 1, 'alice', 'ramos', '(351)-894-8036'),
(70, '197.35.60.174', 'bluegoose833', '$2y$08$gy59Xy5gboAB2SGRbbQRN.lRKVf6WxQKa8FAYJ7CH39MhcMdNPETu', NULL, 'luke.ryan14@example.com', '20.jpg', 0, 'Egypt', 'Al Qahirah', 'Nasr City', 'male', NULL, NULL, NULL, NULL, 1411544720, 1411544720, 1, 'luke', 'ryan', '(519)-282-5724'),
(71, '197.35.60.174', 'smallsnake46', '$2y$08$aTAzf91eq3cFCo0SUkTVSOFSRJAxP4pDOmEwk.uaj9LGJaGgCNk7a', NULL, 'peter.walker47@example.com', '54.jpg', 0, 'Egypt', 'Al Qahirah', 'Nasr City', 'male', NULL, NULL, NULL, NULL, 1411544721, 1411544721, 1, 'peter', 'walker', '(864)-661-5294'),
(72, '197.35.60.174', 'yellowwolf836', '$2y$08$UG445/4OXUfBLgTaNCTCBenbFqbBg3XeehNBHP7pBjY1ZfTZuP4qq', NULL, 'richard.griffin41@example.com', '10.jpg', 0, 'Egypt', 'Al Qahirah', 'Nasr City', 'male', NULL, NULL, NULL, NULL, 1411544722, 1411544722, 1, 'richard', 'griffin', '(797)-585-6802'),
(73, '197.35.60.174', 'brownfish717', '$2y$08$QD1ZzNDmeoJtk7Qtm7cFdeQTBXDG2PPrW0ATe18FwT1TUS7VDro4.', NULL, 'jacqueline.berry37@example.com', '6.jpg', 0, 'Egypt', 'Al Qahirah', 'Nasr City', 'female', NULL, NULL, NULL, NULL, 1411544723, 1411544723, 1, 'jacqueline', 'berry', '(457)-227-8096'),
(74, '197.35.60.174', 'purplepanda29', '$2y$08$HdPnfPHEnfrSZlMYeUroBe6zCtRzzTsuC8taMAtWR/yU6vjKYgWY2', NULL, 'ernest.griffin43@example.com', '68.jpg', 0, 'Egypt', 'Al Qahirah', 'Nasr City', 'male', NULL, NULL, NULL, NULL, 1411544724, 1411544724, 1, 'ernest', 'griffin', '(895)-389-6713'),
(75, '197.35.60.174', 'goldentiger365', '$2y$08$X8XygnHvJZ9kLvBZQxA/bOtThBnlUKWPSDRnaHrbEp8ixaU/TKBw6', NULL, 'jimmy.fernandez41@example.com', '79.jpg', 0, 'Egypt', 'Al Qahirah', 'Nasr City', 'male', NULL, NULL, NULL, NULL, 1411544726, 1411544726, 1, 'jimmy', 'fernandez', '(626)-349-1700'),
(76, '197.35.60.174', 'bigfrog988', '$2y$08$ut1cXiOstY.vXmKWoEtgG.0.y3bZ5Ry64qlqbf06IvGl7KtWU1UN2', NULL, 'charles.caldwell51@example.com', '5.jpg', 0, 'Egypt', 'Al Qahirah', 'Nasr City', 'male', NULL, NULL, NULL, NULL, 1411544727, 1411544727, 1, 'charles', 'caldwell', '(959)-843-4520'),
(77, '197.35.60.174', 'tinybird372', '$2y$08$kvVaDg6mn/0sXgiZxEhe1umQvb5yLXbUkFSsQS9M.1QF9BtvVJxs.', NULL, 'felix.peters40@example.com', '87.jpg', 0, 'Egypt', 'Al Qahirah', 'Nasr City', 'male', NULL, NULL, NULL, NULL, 1411544728, 1411544728, 1, 'felix', 'peters', '(155)-144-5564'),
(78, '197.35.60.174', 'smallbutterfly532', '$2y$08$0F6se5OMuxVbx.C7qZoryu8gbd75g6UYXLNEKOAMh3/JNTUqdt9pC', NULL, 'rodney.jenkins65@example.com', '12.jpg', 0, 'Egypt', 'Al Qahirah', 'Nasr City', 'male', NULL, NULL, NULL, NULL, 1411544729, 1411544729, 1, 'rodney', 'jenkins', '(284)-320-6518'),
(79, '197.35.60.174', 'biggorilla992', '$2y$08$4SSKPPqrSXX4NcGQfyGRhuIVdjmrQp9rg6ZPkeHvTz./fwKtVzyJC', NULL, 'francisco.gutierrez16@example.com', '24.jpg', 0, 'Egypt', 'Al Qahirah', 'Nasr City', 'male', NULL, NULL, NULL, NULL, 1411544730, 1411544730, 1, 'francisco', 'gutierrez', '(519)-562-2424'),
(80, '197.35.60.174', 'browngoose750', '$2y$08$hQ2OdOUtlDjp0o3x/B5KKO4wDzJpFl4WDqNvfAEPhsasix6iAr1pq', NULL, 'leslie.ortiz43@example.com', '90.jpg', 0, 'Egypt', 'Al Qahirah', 'Nasr City', 'male', NULL, NULL, NULL, NULL, 1411544732, 1411544732, 1, 'leslie', 'ortiz', '(773)-397-9993'),
(81, '197.35.60.174', 'crazygoose883', '$2y$08$AdjNmc5/Fft..qGpyMmcV.s6OR248qtOQNDxTx0YzTsH75WfaMpN6', NULL, 'raul.williams43@example.com', '11.jpg', 0, 'Egypt', 'Al Qahirah', 'Nasr City', 'male', NULL, NULL, NULL, NULL, 1411544733, 1411544733, 1, 'raul', 'williams', '(701)-131-7763'),
(82, '197.35.60.174', 'purplemeercat548', '$2y$08$F6ssbjJQ48Yu6.kbxpjdrOI9Y6U4zBWSlyUrvAHk7o.G8aTDWcqLe', NULL, 'donald.reyes18@example.com', '78.jpg', 0, 'Egypt', 'Al Qahirah', 'Nasr City', 'male', NULL, NULL, NULL, NULL, 1411544734, 1411544734, 1, 'donald', 'reyes', '(458)-345-1361'),
(83, '197.35.60.174', 'smallmeercat810', '$2y$08$.Wmednp7FdI1aygHuCeo0OMrqFmJYc9ebR.Vg6.8X3IUZ8nr12Cw6', NULL, 'joy.berry54@example.com', '61.jpg', 0, 'Egypt', 'Al Qahirah', 'Nasr City', 'female', NULL, NULL, NULL, NULL, 1411544735, 1411544735, 1, 'joy', 'berry', '(534)-345-9257'),
(84, '197.35.60.174', 'smallpanda737', '$2y$08$piOwSAM9AL0bSN9dPkj2nOI9nu4MVWoviof/mjAWrY31vlyN6P70i', NULL, 'erin.steward75@example.com', '41.jpg', 0, 'Egypt', 'Al Qahirah', 'Nasr City', 'female', NULL, NULL, NULL, NULL, 1411544737, 1411544737, 1, 'erin', 'steward', '(835)-532-6623'),
(85, '197.35.60.174', 'smalltiger32', '$2y$08$O3HwzjFTqes34s0V.vp21O68jImirv5juC.5WC8BLRp//fhpytYCu', NULL, 'vera.watts96@example.com', '52.jpg', 0, 'Egypt', 'Al Qahirah', 'Nasr City', 'female', NULL, NULL, NULL, NULL, 1411544738, 1411544738, 1, 'vera', 'watts', '(250)-576-8382'),
(86, '197.35.60.174', 'redlion56', '$2y$08$hBWgpe87ro7Oh9SclAqF9eS9xNaNeD48xDUP8yVhj8LNg/S5QuhCq', NULL, 'debbie.simpson89@example.com', '11.jpg', 0, 'Egypt', 'Al Qahirah', 'Nasr City', 'female', NULL, NULL, NULL, NULL, 1411544739, 1411544739, 1, 'debbie', 'simpson', '(221)-999-9292'),
(87, '197.35.60.174', 'redwolf541', '$2y$08$hFBR.VEkQtCiQVYWDsAYwe81hJ5GmG47hZksWl7rcBxS5pO.ykeMS', NULL, 'arron.ray36@example.com', '2.jpg', 0, 'Egypt', 'Al Qahirah', 'Nasr City', 'male', NULL, NULL, NULL, NULL, 1411544740, 1411544740, 1, 'arron', 'ray', '(173)-285-6613'),
(88, '197.35.60.174', 'purplebutterfly294', '$2y$08$E/Y.qTn4uU.o/mnMRCdZquLgO13xMYi9eM9RZi.3wGJqxqEjwbyuW', NULL, 'julie.cook41@example.com', '24.jpg', 0, 'Egypt', 'Al Qahirah', 'Nasr City', 'female', NULL, NULL, NULL, NULL, 1411544741, 1411544741, 1, 'julie', 'cook', '(520)-584-1870'),
(89, '197.35.60.174', 'purpledog893', '$2y$08$XqxiNGgpxqDoNDZ5VY4qQu8AIjQWuMuHm5uZb1cKQSk1Fz6oPhRKG', NULL, 'vernon.may11@example.com', '99.jpg', 0, 'Egypt', 'Al Qahirah', 'Nasr City', 'male', NULL, NULL, NULL, NULL, 1411544742, 1411544742, 1, 'vernon', 'may', '(890)-411-5554'),
(90, '197.35.60.174', 'organicduck685', '$2y$08$MWxt66JviacRtCN0LxwYWu28aMLhGiBonk5hQLe1YzvsVHtTDCkGC', NULL, 'ron.chambers55@example.com', '18.jpg', 0, 'Egypt', 'Al Qahirah', 'Nasr City', 'male', NULL, NULL, NULL, NULL, 1411544745, 1411544745, 1, 'ron', 'chambers', '(578)-265-5401'),
(91, '197.35.60.174', 'yellowostrich28', '$2y$08$rinSjNQTBteBxWgUV7TaUu6rpoRm5y9NZHT21LD0RBpu71UWYGbcm', NULL, 'linda.wells46@example.com', '46.jpg', 0, 'Egypt', 'Al Qahirah', 'Nasr City', 'female', NULL, NULL, NULL, NULL, 1411544746, 1411544746, 1, 'linda', 'wells', '(920)-348-2400'),
(92, '197.35.60.174', 'goldenladybug913', '$2y$08$eyW88NhHq.SZFsVnzRY5hO59wLepTaxjJqioZnpHeOg1xjFYfP1B6', NULL, 'jessie.allen66@example.com', '89.jpg', 0, 'Egypt', 'Al Qahirah', 'Nasr City', 'female', NULL, NULL, NULL, NULL, 1411544747, 1411544747, 1, 'jessie', 'allen', '(205)-688-4321'),
(93, '197.35.60.174', 'smallfish288', '$2y$08$.GA7J03zwtWdH2mA21YxL.HP4irk4RbsRXm4UflUO2XTxbtRuuq8.', NULL, 'marion.gutierrez82@example.com', '86.jpg', 0, 'Egypt', 'Al Qahirah', 'Nasr City', 'female', NULL, NULL, NULL, NULL, 1411544748, 1411544748, 1, 'marion', 'gutierrez', '(558)-796-4469'),
(94, '197.35.60.174', 'silverfrog813', '$2y$08$HpZk7lbOJfmy5IQwNOEbfe8K4Bozua16.O7KvaNUd7nKnjNt.W3/.', NULL, 'ralph.thomas95@example.com', '67.jpg', 0, 'Egypt', 'Al Qahirah', 'Nasr City', 'male', NULL, NULL, NULL, NULL, 1411544749, 1411544749, 1, 'ralph', 'thomas', '(427)-425-7462'),
(95, '197.35.60.174', 'purplegoose517', '$2y$08$OwBtSvX4FEqDfG/PuT2Wmuzka6XuKKVTG.aLdUODh/A5e5lt5AaUq', NULL, 'ryan.williamson98@example.com', '86.jpg', 0, 'Egypt', 'Al Qahirah', 'Nasr City', 'male', NULL, NULL, NULL, NULL, 1411544751, 1411544751, 1, 'ryan', 'williamson', '(287)-846-1768'),
(96, '197.35.60.174', 'organicladybug201', '$2y$08$M7LULcAgxCdiQtjAadPKfOK18SxuyEs3vH9UFVqT2SnsHaROlOhSS', NULL, 'philip.jackson58@example.com', '80.jpg', 0, 'Egypt', 'Al Qahirah', 'Nasr City', 'male', NULL, NULL, NULL, NULL, 1411544752, 1411544752, 1, 'philip', 'jackson', '(318)-803-1681'),
(97, '197.35.60.174', 'tinyfish783', '$2y$08$E4VJXCQy.S3ilqSErTMBvuPSkUXh4o8eO6rj67EUr1APxNIvc2YZq', NULL, 'nicholas.mitchell59@example.com', '25.jpg', 0, 'Egypt', 'Al Qahirah', 'Nasr City', 'male', NULL, NULL, NULL, NULL, 1411544753, 1411544753, 1, 'nicholas', 'mitchell', '(227)-101-2077'),
(98, '197.35.60.174', 'silvergoose689', '$2y$08$j4cNjRKzpMaMalM9ut8b9.8zp00Iovatgtp9iP6Z6wUnmxzz2h66O', NULL, 'ethan.gibson85@example.com', '2.jpg', 0, 'Egypt', 'Al Qahirah', 'Nasr City', 'male', NULL, NULL, NULL, NULL, 1411544754, 1411544754, 1, 'ethan', 'gibson', '(984)-398-8920'),
(99, '197.35.60.174', 'blackwolf253', '$2y$08$OU.mfAwbODkaWQ1fiZiJTecmNOAIPptcaVdMCObECT5aqvdwj2OxG', NULL, 'sophia.dunn34@example.com', '54.jpg', 0, 'Egypt', 'Al Qahirah', 'Nasr City', 'female', NULL, NULL, NULL, NULL, 1411544755, 1411544755, 1, 'sophia', 'dunn', '(114)-495-3714'),
(100, '197.35.60.174', 'ticklishkoala514', '$2y$08$efZJ2neuQg7/qZsnt7F6H.vMk1Ts6xm5kuDiMoFs/wZmpyBKTn/ve', NULL, 'karl.moore48@example.com', '16.jpg', 0, 'Egypt', 'Al Qahirah', 'Nasr City', 'male', NULL, NULL, NULL, NULL, 1411544757, 1411544757, 1, 'karl', 'moore', '(996)-597-6133'),
(101, '197.35.60.174', 'greensnake862', '$2y$08$oF4hfwae8n1tHHZQdzyZIOGifi30Dluq.R9osFE2hD/XoHWvOF0Cu', NULL, 'andre.rose78@example.com', '0.jpg', 0, 'Egypt', 'Al Qahirah', 'Nasr City', 'male', NULL, NULL, NULL, NULL, 1411544758, 1411544758, 1, 'andre', 'rose', '(617)-594-3568'),
(102, '197.35.60.174', 'bigrabbit280', '$2y$08$D7p1tBUMnZH3C9cksB/2fOBrFBKDN7QLh/aU.OuQA7bUMQ7bisy5q', NULL, 'terrence.rice40@example.com', '50.jpg', 0, 'Egypt', 'Al Qahirah', 'Nasr City', 'male', NULL, NULL, NULL, NULL, 1411544759, 1411544759, 1, 'terrence', 'rice', '(798)-884-1660'),
(103, '197.35.60.174', 'goldenkoala348', '$2y$08$eY2ZQWzMjxPzwlNssoWx2uJ0wGA2/1JYt5eJ2k5GxiGa/kXgd4pOK', NULL, 'marian.snyder29@example.com', '27.jpg', 0, 'Egypt', 'Al Qahirah', 'Nasr City', 'female', NULL, NULL, NULL, NULL, 1411544760, 1411544760, 1, 'marian', 'snyder', '(660)-801-9230'),
(104, '197.35.60.174', 'yellowwolf852', '$2y$08$yfu8B6c3bSo7dTs9gL3EdOz4KnOh2sDLYohWmSW2IM/i4iP2A6tDO', NULL, 'andy.terry46@example.com', '78.jpg', 0, 'Egypt', 'Al Qahirah', 'Nasr City', 'male', NULL, NULL, NULL, NULL, 1411545697, 1411545697, 1, 'andy', 'terry', '(116)-434-7370'),
(105, '197.35.60.174', 'bigkoala821', '$2y$08$vFpzpPHVLkO/LBuT0w/HMu863IToh/ubmy1f.ei2QiRZ3aMS8BygS', NULL, 'lonnie.hicks37@example.com', '1.jpg', 0, 'Egypt', 'Al Qahirah', 'Nasr City', 'male', NULL, NULL, NULL, NULL, 1411545698, 1411545698, 1, 'lonnie', 'hicks', '(300)-883-2096'),
(106, '197.35.60.174', 'crazywolf551', '$2y$08$PG27SeINHOsMjWa1DhOeVOGouPJraOwip0rJ7VXhRkTyKLXNvWqVe', NULL, 'colleen.roberts15@example.com', '62.jpg', 0, 'Egypt', 'Al Qahirah', 'Nasr City', 'female', NULL, NULL, NULL, NULL, 1411545699, 1411545699, 1, 'colleen', 'roberts', '(920)-115-1286'),
(107, '197.35.60.174', 'tinyladybug607', '$2y$08$rDsKdpWYOea9c5C9iCJiT.ACHLdfy2dAYAtvK3T3K//in3u2MwjbO', NULL, 'cherly.parker74@example.com', '30.jpg', 0, 'Egypt', 'Al Qahirah', 'Nasr City', 'female', NULL, NULL, NULL, NULL, 1411545699, 1411545699, 1, 'cherly', 'parker', '(352)-661-3237'),
(108, '197.35.60.174', 'purplebear86', '$2y$08$4yE.A2JKt5GX7FTDJ0b8deHtem249n7F/il1uJuF.dvjPlcJxh732', NULL, 'tamara.white86@example.com', '58.jpg', 0, 'Egypt', 'Al Qahirah', 'Nasr City', 'female', NULL, NULL, NULL, NULL, 1411545700, 1411545700, 1, 'tamara', 'white', '(548)-221-6916'),
(109, '197.35.60.174', 'greenpeacock261', '$2y$08$7QWEu7gWkXsuwVQAzG.YMev870F0g0Jhi7sAtqOV9VyD//vdIfC8S', NULL, 'gene.stevens90@example.com', '92.jpg', 0, 'Egypt', 'Al Qahirah', 'Nasr City', 'male', NULL, NULL, NULL, NULL, 1411545701, 1411545701, 1, 'gene', 'stevens', '(791)-959-3956'),
(110, '197.35.60.174', 'blackswan924', '$2y$08$QuLUz8q21V2pYA5oaKOtBerE07cNFNjAwPAX9h0g3n/1oMH6vFvFK', NULL, 'terra.brewer79@example.com', '0.jpg', 0, 'Egypt', 'Al Qahirah', 'Nasr City', 'female', NULL, NULL, NULL, NULL, 1411545701, 1411545701, 1, 'terra', 'brewer', '(922)-713-5925'),
(111, '197.35.60.174', 'orangelion745', '$2y$08$dPmkz9YoTf2LjJMufKgdq.w/DWPHX5cytAhCwihi9tiHoqs2qkkyW', NULL, 'grace.adams63@example.com', '78.jpg', 0, 'Egypt', 'Al Qahirah', 'Nasr City', 'female', NULL, NULL, NULL, NULL, 1411545702, 1411545702, 1, 'grace', 'adams', '(821)-279-4527'),
(112, '197.35.60.174', 'smallgoose819', '$2y$08$8niI/7d3JGOJCWuJiR/UXu/wk1W9D8QUTqEa8xFauF6zbhUBY8Y6O', NULL, 'aiden.weaver48@example.com', '85.jpg', 0, 'Egypt', 'Al Qahirah', 'Nasr City', 'male', NULL, NULL, NULL, NULL, 1411545702, 1411545702, 1, 'aiden', 'weaver', '(573)-258-8078'),
(113, '197.35.60.174', 'redelephant829', '$2y$08$aKpT/p/Dx0boWrAezESMhuCpzJnJH75XnAnnARgi7LhATSDT.zEVG', NULL, 'victoria.byrd53@example.com', '70.jpg', 0, 'Egypt', 'Al Qahirah', 'Nasr City', 'female', NULL, NULL, NULL, NULL, 1411545703, 1411545703, 1, 'victoria', 'byrd', '(585)-103-4872'),
(114, '197.35.60.174', 'blueleopard626', '$2y$08$5l3B765IiWfJjXb0mc9YM.9K4xnhux14sJdCcfwhn2so/EUY5x5ha', NULL, 'gene.medina76@example.com', '71.jpg', 0, 'Egypt', 'Al Qahirah', 'Nasr City', 'male', NULL, NULL, NULL, NULL, 1411545704, 1411545704, 1, 'gene', 'medina', '(167)-230-5703'),
(115, '197.35.60.174', 'greentiger148', '$2y$08$dk3BKJcgcs8ySFDoktXYd./8IpRZAKLJFtxGsdtX2HHyZBLzWwLXy', NULL, 'pauline.watkins73@example.com', '52.jpg', 0, 'Egypt', 'Al Qahirah', 'Nasr City', 'female', NULL, NULL, NULL, NULL, 1411545704, 1411545704, 1, 'pauline', 'watkins', '(946)-980-9781'),
(116, '197.35.60.174', 'brownelephant866', '$2y$08$8G6LPPLIa95Y1oLMgq3/6uJMpgKMe2HpXYAExVPAtyZs79gmUt6Oy', NULL, 'william.watkins86@example.com', '54.jpg', 0, 'Egypt', 'Al Qahirah', 'Nasr City', 'male', NULL, NULL, NULL, NULL, 1411545705, 1411545705, 1, 'william', 'watkins', '(112)-652-5348'),
(117, '197.35.60.174', 'goldenrabbit25', '$2y$08$rTdt7rl/2omZQ3pk0V1.N.sknRUun4CDEQNlLl2K85dYyi6Cq/OjS', NULL, 'andre.lane30@example.com', '54.jpg', 0, 'Egypt', 'Al Qahirah', 'Nasr City', 'male', NULL, NULL, NULL, NULL, 1411545705, 1411545705, 1, 'andre', 'lane', '(353)-808-7636'),
(118, '197.35.60.174', 'bigrabbit756', '$2y$08$kQN3WK2DYYQuo5/F88XsTu2jK9KU/smvZLiVnq9itEABVd5fpMSli', NULL, 'dana.burke62@example.com', '27.jpg', 0, 'Egypt', 'Al Qahirah', 'Nasr City', 'female', NULL, NULL, NULL, NULL, 1411545706, 1411545706, 1, 'dana', 'burke', '(258)-267-3742'),
(119, '197.35.60.174', 'smallbear676', '$2y$08$4eMEuf9MzDBvXWyiEwhzUeXdsFm3Txe8Bc3xbVz5l97kWwE4t.pFK', NULL, 'melvin.young95@example.com', '26.jpg', 0, 'Egypt', 'Al Qahirah', 'Nasr City', 'male', NULL, NULL, NULL, NULL, 1411545707, 1411545707, 1, 'melvin', 'young', '(179)-279-6863'),
(120, '197.35.60.174', 'lazyfish167', '$2y$08$b1y6vZYxUZYpQFtpdd5AKeB9zPtZaxPdLUTB7DCcYpM04u5FR31OS', NULL, 'travis.barrett39@example.com', '83.jpg', 0, 'Egypt', 'Al Qahirah', 'Nasr City', 'male', NULL, NULL, NULL, NULL, 1411545707, 1411545707, 1, 'travis', 'barrett', '(941)-141-1002'),
(121, '197.35.60.174', 'redfrog383', '$2y$08$vxJ7gIQ9jhoJyH5wvp84YePkIB6u/x5HdJhl7s/vgMEkZsDkyAJAu', NULL, 'cameron.payne37@example.com', '30.jpg', 0, 'Egypt', 'Al Qahirah', 'Nasr City', 'male', NULL, NULL, NULL, NULL, 1411545708, 1411545708, 1, 'cameron', 'payne', '(520)-346-9470'),
(122, '197.35.60.174', 'reddog624', '$2y$08$F050s6GXG4OYdhUTnHyvcuY4DRhYTl.xqzE9fV0x8jWuLSQwN9nca', NULL, 'melvin.moore75@example.com', '37.jpg', 0, 'Egypt', 'Al Qahirah', 'Nasr City', 'male', NULL, NULL, NULL, NULL, 1411545708, 1411545708, 1, 'melvin', 'moore', '(136)-483-7018'),
(123, '197.35.60.174', 'crazygorilla905', '$2y$08$5jGbkRjEU6c6ifDHRYi8Ze1oJ9EgH1CSFy84zGT6V1Y7N87xQI0SC', NULL, 'amber.freeman52@example.com', '26.jpg', 0, 'Egypt', 'Al Qahirah', 'Nasr City', 'female', NULL, NULL, NULL, NULL, 1411545709, 1411545709, 1, 'amber', 'freeman', '(421)-468-1323'),
(124, '197.35.60.174', 'orangebutterfly899', '$2y$08$.BHDYpsJ7IO5yhzwTL8id.xR3HfDyaE0/OBuoAwc0cGuEcuxP3JnK', NULL, 'eva.cole53@example.com', '50.jpg', 0, 'Egypt', 'Al Qahirah', 'Nasr City', 'female', NULL, NULL, NULL, NULL, 1411545710, 1411545710, 1, 'eva', 'cole', '(903)-323-2813'),
(125, '197.35.60.174', 'tinywolf746', '$2y$08$hqB5XWusaFnpF4hFn17E7.MYHphGuyPfHmo9ROS93rJPGzRprmAk6', NULL, 'margie.campbell47@example.com', '13.jpg', 0, 'Egypt', 'Al Qahirah', 'Nasr City', 'female', NULL, NULL, NULL, NULL, 1411545710, 1411545710, 1, 'margie', 'campbell', '(608)-582-7179'),
(126, '197.35.60.174', 'orangepeacock426', '$2y$08$yptcREQz4CuU0X7d2/uOPe9k1R8QiVWaytjXTL9SqHa6szOagWRXC', NULL, 'lily.williams41@example.com', '58.jpg', 0, 'Egypt', 'Al Qahirah', 'Nasr City', 'female', NULL, NULL, NULL, NULL, 1411545711, 1411545711, 1, 'lily', 'williams', '(222)-812-5731'),
(127, '197.35.60.174', 'silverduck75', '$2y$08$9w27ndCLIYXBhzXCjJU.ZueqXOdYRvfqf26CxIkgZ.zvV5SItDESm', NULL, 'reginald.russell96@example.com', '33.jpg', 0, 'Egypt', 'Al Qahirah', 'Nasr City', 'male', NULL, NULL, NULL, NULL, 1411545712, 1411545712, 1, 'reginald', 'russell', '(175)-593-4341'),
(128, '197.35.60.174', 'purplegoose225', '$2y$08$nmGk5Q4LpEPgp9jji1bv6OHqZZZe0ITRq2Lc7Fk4Dw6cL5tNuJF.C', NULL, 'diana.romero60@example.com', '41.jpg', 0, 'Egypt', 'Al Qahirah', 'Nasr City', 'female', NULL, NULL, NULL, NULL, 1411545712, 1411545712, 1, 'diana', 'romero', '(801)-498-1563'),
(129, '197.35.60.174', 'heavyostrich213', '$2y$08$Fi/rXKd1ouYh2Ns.CsU0M.xq24PhOybeFuZMr8HFgvmYM8dcGKl/W', NULL, 'gwendolyn.stone49@example.com', '63.jpg', 0, 'Egypt', 'Al Qahirah', 'Nasr City', 'female', NULL, NULL, NULL, NULL, 1411545713, 1411545713, 1, 'gwendolyn', 'stone', '(878)-532-7581'),
(130, '197.35.60.174', 'heavypanda238', '$2y$08$qq1YlZT2/4bxzg1fyfL4Su4ydsCEIbARk4WqhmkpG45wfIHTaRAnu', NULL, 'wesley.vargas72@example.com', '78.jpg', 0, 'Egypt', 'Al Qahirah', 'Nasr City', 'male', NULL, NULL, NULL, NULL, 1411545714, 1411545714, 1, 'wesley', 'vargas', '(574)-138-8975'),
(131, '197.35.60.174', 'silvergoose174', '$2y$08$q7V4YPFUniiFK4J3dVB1NujihRbNsUMBuxrMKjAzr.igfTrh5uGMC', NULL, 'tara.pena60@example.com', '89.jpg', 0, 'Egypt', 'Al Qahirah', 'Nasr City', 'female', NULL, NULL, NULL, NULL, 1411545714, 1411545714, 1, 'tara', 'pena', '(344)-431-2395'),
(132, '197.35.60.174', 'tinybird567', '$2y$08$idA9PfezOGLJtevNxGDMgOpUQep9pgYsxBY7BUvvIpzLvudHksziO', NULL, 'arron.hudson30@example.com', '20.jpg', 0, 'Egypt', 'Al Qahirah', 'Nasr City', 'male', NULL, NULL, NULL, NULL, 1411545715, 1411545715, 1, 'arron', 'hudson', '(227)-900-8620'),
(133, '197.35.60.174', 'organicfrog613', '$2y$08$3z5S.nmYGBSHEwryuQIHgegga/2g3Uilt2fR1sFSzag4srzfoyIU6', NULL, 'peyton.byrd97@example.com', '52.jpg', 0, 'Egypt', 'Al Qahirah', 'Nasr City', 'female', NULL, NULL, NULL, NULL, 1411545715, 1411545715, 1, 'peyton', 'byrd', '(405)-657-4350'),
(134, '197.35.60.174', 'yellowfish458', '$2y$08$HtHNIwWyvqBRzq3XA4fQ1u/PZNh4BwbP8XLL3CziILJ0X8hL8I1iy', NULL, 'sherri.collins11@example.com', '10.jpg', 0, 'Egypt', 'Al Qahirah', 'Nasr City', 'female', NULL, NULL, NULL, NULL, 1411545716, 1411545716, 1, 'sherri', 'collins', '(819)-184-4086'),
(135, '197.35.60.174', 'whitegorilla933', '$2y$08$2K2YHRVVH0guWwVp//WyjeIaNc..rWrfWLFDR/NYJEr.Gx0dUvQe6', NULL, 'leslie.bennett29@example.com', '91.jpg', 0, 'Egypt', 'Al Qahirah', 'Nasr City', 'male', NULL, NULL, NULL, NULL, 1411545717, 1411545717, 1, 'leslie', 'bennett', '(654)-687-5791'),
(136, '197.35.60.174', 'goldenbear599', '$2y$08$4Y7HPN5MEfZlO6BqF3uNc.r6gfQe5XXzhgY5iuMlptuT42i8Vk85G', NULL, 'marsha.lucas39@example.com', '51.jpg', 0, 'Egypt', 'Al Qahirah', 'Nasr City', 'female', NULL, NULL, NULL, NULL, 1411545717, 1411545717, 1, 'marsha', 'lucas', '(460)-897-5922'),
(137, '197.35.60.174', 'bluerabbit553', '$2y$08$2PB.hDZ6L1dTxiik.SRolu/WkWukyoy35tZO8hmFMRn9PJqboa/Va', NULL, 'gwendolyn.jimenez71@example.com', '17.jpg', 0, 'Egypt', 'Al Qahirah', 'Nasr City', 'female', NULL, NULL, NULL, NULL, 1411545718, 1411545718, 1, 'gwendolyn', 'jimenez', '(624)-581-8110'),
(138, '197.35.60.174', 'yellowostrich936', '$2y$08$UQA1mG.9zsQ0GTJQHijODO0yRVUcbdj6ukP0shVtCwj/Uipb788Mi', NULL, 'harvey.olson41@example.com', '32.jpg', 0, 'Egypt', 'Al Qahirah', 'Nasr City', 'male', NULL, NULL, NULL, NULL, 1411545719, 1411545719, 1, 'harvey', 'olson', '(635)-807-1689'),
(139, '197.35.60.174', 'yellowlion533', '$2y$08$cQJVOlZvWFgbRYapHtrJhO2n5AjZTRTheAO4DUDVI1lZNSY1hRv2.', NULL, 'jennifer.thompson79@example.com', '42.jpg', 0, 'Egypt', 'Al Qahirah', 'Nasr City', 'female', NULL, NULL, NULL, NULL, 1411545719, 1411545719, 1, 'jennifer', 'thompson', '(216)-152-8601'),
(140, '197.35.60.174', 'yellowduck239', '$2y$08$5pkkZddQq6ggtFlYVeuQLOFX.Ugz6x1ooLXgW/9oxWWyOLDH73Lzy', NULL, 'gwendolyn.holmes59@example.com', '44.jpg', 0, 'Egypt', 'Al Qahirah', 'Nasr City', 'female', NULL, NULL, NULL, NULL, 1411545720, 1411545720, 1, 'gwendolyn', 'holmes', '(839)-985-8889'),
(141, '197.35.60.174', 'redmouse578', '$2y$08$iiMu.3VX.NBGf03pE/RXc.jaUDvup4RAD4BA58XFyAtZsN3Y3..dq', NULL, 'henry.beck20@example.com', '0.jpg', 0, 'Egypt', 'Al Qahirah', 'Nasr City', 'male', NULL, NULL, NULL, NULL, 1411545720, 1411545720, 1, 'henry', 'beck', '(276)-706-6372'),
(142, '197.35.60.174', 'beautifulbutterfly446', '$2y$08$jKTp34kc4ihg2Gwr.e9FFepvjreDPImr7Zn4Y6ZFZweL8ANB7/xz.', NULL, 'stacy.henry21@example.com', '6.jpg', 0, 'Egypt', 'Al Qahirah', 'Nasr City', 'female', NULL, NULL, NULL, NULL, 1411545721, 1411545721, 1, 'stacy', 'henry', '(456)-854-4961'),
(143, '197.35.60.174', 'silvertiger662', '$2y$08$fVbRnRFnkfmrk.ez/t0uXeZ6LsnsDD8r9yibc6emMVc0eLWYctzOS', NULL, 'lonnie.hill36@example.com', '99.jpg', 0, 'Egypt', 'Al Qahirah', 'Nasr City', 'male', NULL, NULL, NULL, NULL, 1411545722, 1411545722, 1, 'lonnie', 'hill', '(419)-525-8386'),
(144, '94.118.46.64', 'goldendog410', '$2y$08$2nwNWcGO.KnowjRev7P.WOE1ocuqUefNdEcUQzAES8PBHuS4w0cLW', NULL, 'jennie.watson84@example.com', '61.jpg', 0, 'United Kingdom', '', '', 'female', NULL, NULL, NULL, NULL, 1413106263, 1413106263, 1, 'jennie', 'watson', '(331)-816-8912'),
(145, '94.118.46.64', 'biggoose556', '$2y$08$TflHXBahfMr4chTBOh3oqOfWNheKjocpSZqVsfBAcO/17ja0N1WSu', NULL, 'loretta.hunt65@example.com', '8.jpg', 0, 'United Kingdom', '', '', 'female', NULL, NULL, NULL, NULL, 1413106263, 1413106263, 1, 'loretta', 'hunt', '(363)-113-5787'),
(146, '94.118.46.64', 'silverlion211', '$2y$08$JENp7CX108PeXPdmcyyNh.PokdbrQ/d87n0pWbJfOv1cW.qVky3zS', NULL, 'raymond.morrison12@example.com', '85.jpg', 0, 'United Kingdom', '', '', 'male', NULL, NULL, NULL, NULL, 1413106264, 1413106264, 1, 'raymond', 'morrison', '(722)-796-7033'),
(147, '94.118.46.64', 'crazytiger966', '$2y$08$iw0h9.STAvROcI0pDuDia.D9ONupVlJpYMEpJfCNGL/X0DRBGpgDy', NULL, 'gregory.brooks29@example.com', '42.jpg', 0, 'United Kingdom', '', '', 'male', NULL, NULL, NULL, NULL, 1413106264, 1413106264, 1, 'gregory', 'brooks', '(518)-727-9612'),
(148, '94.118.46.64', 'whiteostrich676', '$2y$08$qzpGMV6UPO.BNOAFtrbzF.ZTU85TyFk8c0oxk2TufUcXbsvlF7C6y', NULL, 'kenzi.fletcher58@example.com', '50.jpg', 0, 'United Kingdom', '', '', 'female', NULL, NULL, NULL, NULL, 1413106265, 1413106265, 1, 'kenzi', 'fletcher', '(532)-870-1051'),
(149, '94.118.46.64', 'blackrabbit697', '$2y$08$5k.5LSu.4vYN2g20OOX78uAqsnFVCU2vrGZCBIwgJRyX7B5uA5IcK', NULL, 'lester.wade85@example.com', '70.jpg', 0, 'United Kingdom', '', '', 'male', NULL, NULL, NULL, NULL, 1413106265, 1413106265, 1, 'lester', 'wade', '(967)-682-5052'),
(150, '94.118.46.64', 'redbutterfly507', '$2y$08$D2wZVR5I4GISaUCQncUQPe49IPjW9GSP1V2Q.SsDdMwae4iLtA2HO', NULL, 'ethan.walker27@example.com', '52.jpg', 0, 'United Kingdom', '', '', 'male', NULL, NULL, NULL, NULL, 1413106265, 1413106265, 1, 'ethan', 'walker', '(781)-401-5176'),
(151, '94.118.46.64', 'smallwolf276', '$2y$08$0gMy.lnNx/dEPbtlQGQOdudQTA9d08vFNuFgorJtBWmHVbL3Tfc/y', NULL, 'ron.robinson95@example.com', '47.jpg', 0, 'United Kingdom', '', '', 'male', NULL, NULL, NULL, NULL, 1413106266, 1413106266, 1, 'ron', 'robinson', '(932)-974-4600'),
(152, '94.118.46.64', 'redtiger117', '$2y$08$kSThoNpzVVRHz7lUlOWnCedNamGJsGdYshSyiNkyNL7Lx4302UmO2', NULL, 'jamie.taylor85@example.com', '54.jpg', 0, 'United Kingdom', '', '', 'female', NULL, NULL, NULL, NULL, 1413106266, 1413106266, 1, 'jamie', 'taylor', '(750)-690-5786'),
(153, '94.118.46.64', 'beautifulostrich857', '$2y$08$hkGyP7vvtbV9ra9I0g0jS.8X/2glIztE7JgRxSHkMgyWB6zQbswP6', NULL, 'paula.vargas33@example.com', '0.jpg', 0, 'United Kingdom', '', '', 'female', NULL, NULL, NULL, NULL, 1413106266, 1413106266, 1, 'paula', 'vargas', '(160)-104-6805'),
(154, '94.118.46.64', 'heavysnake604', '$2y$08$03kE/YKzI07v6E8AGRu7AuuPBNxhNI75/W1yKJr5NHYaOUzsW7C3i', NULL, 'danielle.king59@example.com', '76.jpg', 0, 'United Kingdom', '', '', 'female', NULL, NULL, NULL, NULL, 1413106267, 1413106267, 1, 'danielle', 'king', '(156)-688-7986'),
(155, '94.118.46.64', 'heavyelephant403', '$2y$08$7MrVZltRLjiXJLrAlBLq0.YR45PXSVD2tcc.Mo3HlGVChVYzu3Rsu', NULL, 'priscilla.graham89@example.com', '94.jpg', 0, 'United Kingdom', '', '', 'female', NULL, NULL, NULL, NULL, 1413106267, 1413106267, 1, 'priscilla', 'graham', '(669)-791-1088'),
(156, '94.118.46.64', 'purplecat768', '$2y$08$y4eetTmaKPwrhY2FuFU/V.mj.vznDY2Rxv6VmBDUm06GmluRJ4Gpa', NULL, 'shelly.holland26@example.com', '75.jpg', 0, 'United Kingdom', '', '', 'female', NULL, NULL, NULL, NULL, 1413106268, 1413106268, 1, 'shelly', 'holland', '(697)-574-8815'),
(157, '94.118.46.64', 'orangesnake726', '$2y$08$tvjjVuGJhBZRlKPVSahjKO4nvtfRwRE03FmLp4Zq5oWp7PJLY7sUm', NULL, 'ken.riley32@example.com', '84.jpg', 0, 'United Kingdom', '', '', 'male', NULL, NULL, NULL, NULL, 1413106268, 1413106268, 1, 'ken', 'riley', '(174)-314-5596'),
(158, '94.118.46.64', 'purpleswan742', '$2y$08$dHHLrWfyQdI4omFwsQmB.ekC3RtBon.n7HYABiGd4PZLrz8CV9d9e', NULL, 'sara.fox75@example.com', '82.jpg', 0, 'United Kingdom', '', '', 'female', NULL, NULL, NULL, NULL, 1413106268, 1413106268, 1, 'sara', 'fox', '(784)-510-7939'),
(159, '94.118.46.64', 'goldenpeacock657', '$2y$08$eSJneQUsMfe/mHFZp/fZCewNHeKVwa6pyj9pOebXsQon2NKMqIRXi', NULL, 'dianne.williamson78@example.com', '73.jpg', 0, 'United Kingdom', '', '', 'female', NULL, NULL, NULL, NULL, 1413106269, 1413106269, 1, 'dianne', 'williamson', '(732)-759-6309'),
(160, '94.118.46.64', 'beautifulswan899', '$2y$08$wub4LAVNx3JNLkyaAJIrI.Mg13eAWexlE0tm7ZilI3YO/n7M70Mj6', NULL, 'benjamin.diaz17@example.com', '49.jpg', 0, 'United Kingdom', '', '', 'male', NULL, NULL, NULL, NULL, 1413106269, 1413106269, 1, 'benjamin', 'diaz', '(993)-734-5398'),
(161, '94.118.46.64', 'crazyladybug782', '$2y$08$pDp71oLuEEQMrygZscb8ruSPKHk8.XZzi9IPRnpNUWGILcmORf7ae', NULL, 'karl.elliott56@example.com', '59.jpg', 0, 'United Kingdom', '', '', 'male', NULL, NULL, NULL, NULL, 1413106269, 1413106269, 1, 'karl', 'elliott', '(482)-914-3263'),
(162, '94.118.46.64', 'beautifulsnake327', '$2y$08$LGzTb1fYrfpebP3mUiHucOoIP.5FO4SQNjkBahUUyXfbZOaOZub.m', NULL, 'salvador.jensen11@example.com', '24.jpg', 0, 'United Kingdom', '', '', 'male', NULL, NULL, NULL, NULL, 1413106270, 1413106270, 1, 'salvador', 'jensen', '(822)-454-7418'),
(163, '94.118.46.64', 'biglion952', '$2y$08$KFgJYdz2F7udmngYXXcMWuzvbIxkIjzofHOoP8v0XGO539kTdIUMG', NULL, 'paula.lawson81@example.com', '19.jpg', 0, 'United Kingdom', '', '', 'female', NULL, NULL, NULL, NULL, 1413106270, 1413106270, 1, 'paula', 'lawson', '(932)-584-4186'),
(164, '94.118.46.64', 'bigfrog943', '$2y$08$P4JXeAKRuBlkKWCoCVOj5udo8SCpo4D51mF8VJ81S8jF9swJE9Uu2', NULL, 'kurt.gutierrez33@example.com', '5.jpg', 0, 'United Kingdom', '', '', 'male', NULL, NULL, NULL, NULL, 1413106271, 1413106271, 1, 'kurt', 'gutierrez', '(769)-134-3000'),
(165, '94.118.46.64', 'lazyostrich9', '$2y$08$7xYZKgKtNXHA9TuvVIMVoO2rFGiGXK9QoPFzskSXe8vX8v7RdBRie', NULL, 'lena.burke97@example.com', '11.jpg', 0, 'United Kingdom', '', '', 'female', NULL, NULL, NULL, NULL, 1413106271, 1413106271, 1, 'lena', 'burke', '(684)-262-8569'),
(166, '94.118.46.64', 'purplefrog98', '$2y$08$fWZ0JquSBnhg0vpWC8Mbd.Xk4xE7vU7tTfmveAsMEdSzCtENMzOQK', NULL, 'ethan.sanchez23@example.com', '6.jpg', 0, 'United Kingdom', '', '', 'male', NULL, NULL, NULL, NULL, 1413106271, 1413106271, 1, 'ethan', 'sanchez', '(661)-457-3938'),
(167, '94.118.46.64', 'blackleopard74', '$2y$08$9KTQd1niaDN21J3Ua8mRUOHXopBaM3kMMoZquSvyH1wG9MtcRmj4C', NULL, 'clarence.rivera51@example.com', '80.jpg', 0, 'United Kingdom', '', '', 'male', NULL, NULL, NULL, NULL, 1413106272, 1413106272, 1, 'clarence', 'rivera', '(707)-864-6970'),
(168, '94.118.46.64', 'heavybird335', '$2y$08$eujbhIeQXUHOLJ/5tDXnyec.KG4cfA7P/uwRifimK4xeYhF2ov6Sq', NULL, 'catherine.mitchell45@example.com', '39.jpg', 0, 'United Kingdom', '', '', 'female', NULL, NULL, NULL, NULL, 1413106272, 1413106272, 1, 'catherine', 'mitchell', '(664)-285-1053'),
(169, '94.118.46.64', 'smallbear835', '$2y$08$e0U1bDTEgVsKqVya522V2ekKT3/S10.Hwt9ey0itv7rUMhq4A6PxK', NULL, 'virgil.graves49@example.com', '13.jpg', 0, 'United Kingdom', '', '', 'male', NULL, NULL, NULL, NULL, 1413106273, 1413106273, 1, 'virgil', 'graves', '(297)-471-3682'),
(170, '94.118.46.64', 'yellowfish252', '$2y$08$TdjKEVgoTvU1Im1GsdD.4.1QWr9PviyQqtzHVjtR6ppvJfXi4khKe', NULL, 'kenzi.jordan55@example.com', '28.jpg', 0, 'United Kingdom', '', '', 'female', NULL, NULL, NULL, NULL, 1413106273, 1413106273, 1, 'kenzi', 'jordan', '(983)-615-7298'),
(171, '94.118.46.64', 'smallgoose317', '$2y$08$960zZnsgNF8abeLroPat8e/E8cAJk6Gesft.5Ai1PLfRQ3GCKFIAC', NULL, 'jamie.collins49@example.com', '37.jpg', 0, 'United Kingdom', '', '', 'female', NULL, NULL, NULL, NULL, 1413106273, 1413106273, 1, 'jamie', 'collins', '(466)-144-3351'),
(172, '94.118.46.64', 'brownbear106', '$2y$08$3MbKV5eZ9q4TFKVGCeHN2.pYW.bamwBbI5YmIdCMrO6svum0NpkkW', NULL, 'juan.hernandez44@example.com', '2.jpg', 0, 'United Kingdom', '', '', 'male', NULL, NULL, NULL, NULL, 1413106274, 1413106274, 1, 'juan', 'hernandez', '(143)-866-9438'),
(173, '94.118.46.64', 'goldengoose1', '$2y$08$jVJGwB/cec.q4kWaJ7y2z.7CPiQx2qcGayhqQ1f1asoCGIkdiSzaC', NULL, 'don.clark98@example.com', '71.jpg', 0, 'United Kingdom', '', '', 'male', NULL, NULL, NULL, NULL, 1413106274, 1413106274, 1, 'don', 'clark', '(400)-589-3988'),
(174, '94.118.46.64', 'lazytiger361', '$2y$08$47QNXe7QKomUnV76L0ZU3enkDst56pcqaxawaK0ORGHBT244kB3hO', NULL, 'deanna.frazier43@example.com', '86.jpg', 0, 'United Kingdom', '', '', 'female', NULL, NULL, NULL, NULL, 1413106275, 1413106275, 1, 'deanna', 'frazier', '(741)-561-3277'),
(175, '94.118.46.64', 'purplefish323', '$2y$08$8ufGa28I8SkvVlODdpyLXOkZefidPp5YBUx7/8oqsGadsiW1qFMhW', NULL, 'gordon.sanchez83@example.com', '53.jpg', 0, 'United Kingdom', '', '', 'male', NULL, NULL, NULL, NULL, 1413106275, 1413106275, 1, 'gordon', 'sanchez', '(783)-557-1388');
INSERT INTO `users` (`id`, `ip_address`, `username`, `password`, `salt`, `email`, `profile_photo`, `prefer_opposite_sex`, `country`, `state`, `city`, `sex`, `activation_code`, `forgotten_password_code`, `forgotten_password_time`, `remember_code`, `created_on`, `last_login`, `active`, `first_name`, `last_name`, `phone`) VALUES
(176, '94.118.46.64', 'smalltiger124', '$2y$08$2gwYjfY0XTy7M5ftrD7pnOUBu7xmbtq8qz.PJDu6M3LZrJZipyhrG', NULL, 'patsy.hall70@example.com', '38.jpg', 0, 'United Kingdom', '', '', 'female', NULL, NULL, NULL, NULL, 1413106275, 1413106275, 1, 'patsy', 'hall', '(671)-516-3241'),
(177, '94.118.46.64', 'ticklishpeacock340', '$2y$08$uZQIjZe4TSmDML/9rzSFv.N6eMFuH.mvcWThDg0H8GI1Teu0aegJq', NULL, 'terrence.washington94@example.com', '11.jpg', 0, 'United Kingdom', '', '', 'male', NULL, NULL, NULL, NULL, 1413106276, 1413106276, 1, 'terrence', 'washington', '(609)-237-3305'),
(178, '94.118.46.64', 'greengorilla305', '$2y$08$lukIihNsLrafaHQvnEDdy.wTqaVY.3zRNxXZsuMlqAy.ZrtFIgTkK', NULL, 'heidi.parker97@example.com', '52.jpg', 0, 'United Kingdom', '', '', 'female', NULL, NULL, NULL, NULL, 1413106277, 1413106277, 1, 'heidi', 'parker', '(876)-328-9062'),
(179, '94.118.46.64', 'crazyelephant371', '$2y$08$n76OtzUcs8o7TVi7lPJdhe7FO/ig..SUXylxhbQMQkxDshHh9Z24m', NULL, 'louis.banks26@example.com', '82.jpg', 0, 'United Kingdom', '', '', 'male', NULL, NULL, NULL, NULL, 1413106277, 1413106277, 1, 'louis', 'banks', '(512)-499-7143'),
(180, '94.118.46.64', 'blueleopard550', '$2y$08$Ix.1r2QRFoQnTQHKKA.rDODKpnj9DtMk5e5BVPEO9Icgsa8T1IiuW', NULL, 'leo.alvarez76@example.com', '64.jpg', 0, 'United Kingdom', '', '', 'male', NULL, NULL, NULL, NULL, 1413106278, 1413106278, 1, 'leo', 'alvarez', '(481)-201-5398'),
(181, '94.118.46.64', 'bluefrog365', '$2y$08$jzBKi27/384BWHw0nGgV7.8JWhaajWPVT1bco3SjxBFGC1C0zqQI6', NULL, 'manuel.fleming94@example.com', '49.jpg', 0, 'United Kingdom', '', '', 'male', NULL, NULL, NULL, NULL, 1413106278, 1413106278, 1, 'manuel', 'fleming', '(648)-738-3778'),
(182, '94.118.46.64', 'brownbird981', '$2y$08$UIKQpS36LYxj2KSRr6WURu4rUi8jo2cB4KqvvTIoIVyOp72Vg0d2.', NULL, 'bobby.wilson79@example.com', '5.jpg', 0, 'United Kingdom', '', '', 'male', NULL, NULL, NULL, NULL, 1413106281, 1413106281, 1, 'bobby', 'wilson', '(375)-325-5244'),
(183, '94.118.46.64', 'yellowostrich358', '$2y$08$JS25TYX9NG.0IxolHOKiJ.4BSJL5N9B/OX/95x8kTek1fLXkRKvaG', NULL, 'enrique.young98@example.com', '71.jpg', 0, 'United Kingdom', '', '', 'male', NULL, NULL, NULL, NULL, 1413106282, 1413106282, 1, 'enrique', 'young', '(625)-987-9963'),
(184, '46.233.116.171', 'pierre soria', '$2y$08$9GYH3tqN1UzezF6m3wP0FeS9wO/aO9I/6ANB2rMTutixTJxpz8AtS', NULL, 'concours@example.com', '', 0, 'Reserved', '', '', 'male', NULL, NULL, NULL, NULL, 1413292094, 1413293022, 1, 'Pierre', 'Soria', '078545454'),
(185, '41.67.87.142', 'amr mahrous', '$2y$08$oDHAs7niIzaSRnGG62ViJu0G4kQItvOTsBfMoRLStQzAx5tBjF5sK', NULL, 'amr1@example.com', '', 0, 'Egypt', 'Al Gharbiyah', 'El Mahalla El Kubra', 'male', NULL, NULL, NULL, NULL, 1415431964, 1416450515, 1, 'amr', 'mahrous', '0110202121'),
(186, '2.25.237.231', 'c,djljdl dldkls', '$2y$06$4MiBirP45MN9wVR0Q3jV3uEd3QXjpx8pkNK69iCsqjAceXPHEsLT6', NULL, 'manu32@example.com', '', 0, 'United Kingdom', 'Oxfordshire', 'Chipping Norton', 'male', NULL, NULL, NULL, NULL, 1415481379, 1415481399, 1, 'c,djljdl', 'dldkls', '0177'),
(187, '197.35.65.75', 'dsgdsg dsgsdg', '$2y$06$VJN0IgWTvbHitvuLWLcUaOIBzxwx9RbDJJNrOEYw4fmgd9Qbd9aaK', NULL, 'amr99@example.com', '', 0, 'Egypt', '', '', 'male', NULL, NULL, NULL, NULL, 1416325272, 1416325286, 1, 'dsgdsg', 'dsgsdg', 'adasd'),
(188, '127.0.0.1', 'hghgh gfgfgf', '$2y$06$RV95F12s.subhIELNev5SOf8lwy3d3VvB2.6wsEIGwS3HKNCV91p2', NULL, 'demo@demo2.com', '', 0, 'other', 'other', 'other', 'male', NULL, NULL, NULL, NULL, 1422092469, 1422092606, 1, 'hghgh', 'gfgfgf', '45454'),
(189, '127.0.0.1', 'amr mahrous1', '$2y$06$0grjXfVOgSdkZo5rc.XZ4.NPmy1hB45CKQDlTnqdChHQwSrqV72XK', NULL, 'amr444@example.com', '', 0, 'other', 'other', 'other', 'male', NULL, NULL, NULL, NULL, 1422092790, 1422092790, 1, 'amr', 'mahrous', '6565656'),
(190, '127.0.0.1', 'amr mahrous2', '$2y$06$YsdwiTtpWtSevkebeX0akeaWCwHcvsLnqdEEkbvNXLC72xtc5af6y', NULL, 'oliversteve@example.com', '', 0, 'other', 'other', 'other', 'male', NULL, NULL, NULL, NULL, 1422092916, 1422092916, 1, 'amr', 'mahrous', '201110042952'),
(191, '', 'testdemo44', '12345678', NULL, 'testdemo44@testdemo44.ca', '59fcd-screenshot-from-2015-01-09-12:25:19.png', 1, 'Egypt', 'Muhafazat al Qahirah', 'Cairo', 'male', NULL, NULL, NULL, NULL, 0, NULL, NULL, 'asdf', 'bnmn', '656'),
(192, '', 'testdemo5', '$2y$06$9i2bduCuoBdiNcOyD81Ie.BkJLCuCIJfVVZbZMGUgNIPEnxysu7dy', NULL, 'testdemo55@testdemo44.ca', 'bdee3-screenshot-from-2015-01-09-12:25:19.png', 1, 'Egypt', 'Muhafazat al Qahirah', 'Cairo', 'male', NULL, NULL, NULL, NULL, 0, NULL, NULL, 'test', 'demo', '123'),
(193, '', 'testdemo123', '$2y$06$wbxpkzF38r1R4.ZplKPCoOfW3Xdaj4xKDyEr9bNVKeeACxvsA3pJm', NULL, 'testdemo123@testdemo123.com', '2d723-screenshot-from-2015-01-09-12:25:19.png', 1, 'Egypt', 'Muhafazat al Qahirah', 'Cairo', 'male', NULL, NULL, NULL, NULL, 0, 1422905380, 1, 'asdf', 'last', '123');

-- --------------------------------------------------------

--
-- Table structure for table `users_groups`
--

CREATE TABLE IF NOT EXISTS `users_groups` (
  `id` int(11) unsigned NOT NULL AUTO_INCREMENT,
  `user_id` int(11) unsigned NOT NULL,
  `group_id` mediumint(8) unsigned NOT NULL,
  PRIMARY KEY (`id`),
  UNIQUE KEY `uc_users_groups` (`user_id`,`group_id`),
  KEY `fk_users_groups_users1_idx` (`user_id`),
  KEY `fk_users_groups_groups1_idx` (`group_id`)
) ENGINE=InnoDB  DEFAULT CHARSET=utf8 AUTO_INCREMENT=192 ;

--
-- Dumping data for table `users_groups`
--

INSERT INTO `users_groups` (`id`, `user_id`, `group_id`) VALUES
(1, 1, 1),
(2, 1, 2),
(3, 2, 2),
(4, 3, 2),
(5, 4, 2),
(6, 5, 2),
(7, 6, 2),
(8, 7, 2),
(9, 8, 2),
(10, 9, 2),
(11, 10, 2),
(12, 11, 2),
(13, 12, 2),
(14, 13, 2),
(15, 14, 2),
(16, 15, 2),
(17, 16, 2),
(18, 17, 2),
(19, 18, 2),
(20, 19, 2),
(21, 20, 2),
(22, 21, 2),
(23, 22, 2),
(24, 23, 2),
(25, 24, 2),
(26, 25, 2),
(27, 26, 2),
(28, 27, 2),
(29, 28, 2),
(30, 29, 2),
(31, 30, 2),
(32, 31, 2),
(33, 32, 2),
(34, 33, 2),
(35, 34, 2),
(36, 35, 2),
(37, 36, 2),
(38, 37, 2),
(39, 38, 2),
(40, 39, 2),
(41, 40, 2),
(42, 41, 2),
(43, 42, 2),
(44, 43, 2),
(45, 44, 2),
(46, 45, 2),
(47, 46, 2),
(48, 47, 2),
(49, 48, 2),
(50, 49, 2),
(51, 50, 2),
(52, 51, 2),
(53, 52, 2),
(54, 53, 2),
(55, 54, 2),
(56, 55, 2),
(57, 56, 2),
(58, 57, 2),
(59, 58, 2),
(60, 59, 2),
(61, 60, 2),
(62, 61, 2),
(63, 62, 2),
(64, 63, 2),
(65, 64, 2),
(66, 65, 2),
(67, 66, 2),
(68, 67, 2),
(69, 68, 2),
(70, 69, 2),
(71, 70, 2),
(72, 71, 2),
(73, 72, 2),
(74, 73, 2),
(75, 74, 2),
(76, 75, 2),
(77, 76, 2),
(78, 77, 2),
(79, 78, 2),
(80, 79, 2),
(81, 80, 2),
(82, 81, 2),
(83, 82, 2),
(84, 83, 2),
(85, 84, 2),
(86, 85, 2),
(87, 86, 2),
(88, 87, 2),
(89, 88, 2),
(90, 89, 2),
(91, 90, 2),
(92, 91, 2),
(93, 92, 2),
(94, 93, 2),
(95, 94, 2),
(96, 95, 2),
(97, 96, 2),
(98, 97, 2),
(99, 98, 2),
(100, 99, 2),
(101, 100, 2),
(102, 101, 2),
(103, 102, 2),
(104, 103, 2),
(105, 104, 2),
(106, 105, 2),
(107, 106, 2),
(108, 107, 2),
(109, 108, 2),
(110, 109, 2),
(111, 110, 2),
(112, 111, 2),
(113, 112, 2),
(114, 113, 2),
(115, 114, 2),
(116, 115, 2),
(117, 116, 2),
(118, 117, 2),
(119, 118, 2),
(120, 119, 2),
(121, 120, 2),
(122, 121, 2),
(123, 122, 2),
(124, 123, 2),
(125, 124, 2),
(126, 125, 2),
(127, 126, 2),
(128, 127, 2),
(129, 128, 2),
(130, 129, 2),
(131, 130, 2),
(132, 131, 2),
(133, 132, 2),
(134, 133, 2),
(135, 134, 2),
(136, 135, 2),
(137, 136, 2),
(138, 137, 2),
(139, 138, 2),
(140, 139, 2),
(141, 140, 2),
(142, 141, 2),
(143, 142, 2),
(144, 143, 2),
(145, 144, 2),
(146, 145, 2),
(147, 146, 2),
(148, 147, 2),
(149, 148, 2),
(150, 149, 2),
(151, 150, 2),
(152, 151, 2),
(153, 152, 2),
(154, 153, 2),
(155, 154, 2),
(156, 155, 2),
(157, 156, 2),
(158, 157, 2),
(159, 158, 2),
(160, 159, 2),
(161, 160, 2),
(162, 161, 2),
(163, 162, 2),
(164, 163, 2),
(165, 164, 2),
(166, 165, 2),
(167, 166, 2),
(168, 167, 2),
(169, 168, 2),
(170, 169, 2),
(171, 170, 2),
(172, 171, 2),
(173, 172, 2),
(174, 173, 2),
(175, 174, 2),
(176, 175, 2),
(177, 176, 2),
(178, 177, 2),
(179, 178, 2),
(180, 179, 2),
(181, 180, 2),
(182, 181, 2),
(183, 182, 2),
(184, 183, 2),
(185, 184, 2),
(186, 185, 2),
(187, 186, 2),
(188, 187, 2),
(189, 188, 2),
(190, 189, 2),
(191, 190, 2);

-- --------------------------------------------------------

--
-- Table structure for table `user_likes`
--

CREATE TABLE IF NOT EXISTS `user_likes` (
  `user_likes_id` int(11) NOT NULL AUTO_INCREMENT,
  `user_id` int(11) NOT NULL,
  `liked_user_id` int(11) NOT NULL,
  `operation` enum('like','pass') NOT NULL,
  `time` timestamp NOT NULL DEFAULT CURRENT_TIMESTAMP,
  PRIMARY KEY (`user_likes_id`)
) ENGINE=InnoDB  DEFAULT CHARSET=latin1 AUTO_INCREMENT=31 ;

--
-- Dumping data for table `user_likes`
--

INSERT INTO `user_likes` (`user_likes_id`, `user_id`, `liked_user_id`, `operation`, `time`) VALUES
(1, 3, 1, 'like', '2014-09-22 17:48:24'),
(2, 1, 3, 'like', '2014-09-23 16:53:39'),
(3, 1, 4, 'pass', '2014-09-24 07:41:52'),
(4, 1, 7, 'like', '2014-09-24 07:41:55'),
(5, 1, 57, 'like', '2014-09-24 09:10:41'),
(6, 1, 58, 'pass', '2014-09-24 09:10:53'),
(7, 1, 61, 'like', '2014-09-25 02:38:15'),
(8, 1, 63, 'pass', '2014-09-25 02:38:17'),
(9, 184, 144, 'pass', '2014-10-14 13:24:12'),
(10, 184, 145, 'like', '2014-10-14 13:24:19'),
(11, 184, 146, 'pass', '2014-10-14 13:24:22'),
(12, 184, 147, 'pass', '2014-10-14 13:24:54'),
(13, 184, 148, 'like', '2014-10-14 13:25:06'),
(14, 184, 149, 'like', '2014-10-14 13:25:14'),
(15, 184, 150, 'like', '2014-10-14 13:25:20'),
(16, 186, 144, 'pass', '2014-11-08 21:18:35'),
(17, 186, 145, 'like', '2014-11-08 21:18:38'),
(18, 186, 146, 'like', '2014-11-08 21:18:41'),
(19, 186, 147, 'like', '2014-11-08 21:18:55'),
(20, 186, 148, 'like', '2014-11-08 21:20:21'),
(21, 1, 66, 'like', '2015-01-24 11:38:13'),
(22, 1, 68, 'like', '2015-02-04 20:17:17'),
(23, 1, 69, 'pass', '2015-02-04 20:17:20'),
(24, 1, 73, 'pass', '2015-02-04 20:17:25'),
(25, 1, 83, 'pass', '2015-02-04 20:17:27'),
(26, 1, 84, 'pass', '2015-02-04 20:18:49'),
(27, 1, 85, 'pass', '2015-02-04 20:18:51'),
(28, 1, 86, 'like', '2015-02-04 20:18:52'),
(29, 1, 88, 'like', '2015-02-04 20:18:54'),
(30, 1, 91, 'pass', '2015-02-04 20:18:56');

-- --------------------------------------------------------

--
-- Table structure for table `video`
--

CREATE TABLE IF NOT EXISTS `video` (
  `id` int(11) NOT NULL AUTO_INCREMENT,
  `user_id` int(11) NOT NULL,
  `video_name` varchar(250) NOT NULL,
  `video_file` varchar(250) DEFAULT NULL,
  `video_desc` text NOT NULL,
  `video_img` varchar(255) NOT NULL,
  `priority` int(11) DEFAULT NULL,
  `converted` tinyint(1) NOT NULL DEFAULT '0',
  `converted_name` varchar(255) NOT NULL,
  PRIMARY KEY (`id`)
) ENGINE=MyISAM  DEFAULT CHARSET=utf8 AUTO_INCREMENT=10 ;

--
-- Dumping data for table `video`
--

INSERT INTO `video` (`id`, `user_id`, `video_name`, `video_file`, `video_desc`, `video_img`, `priority`, `converted`, `converted_name`) VALUES
(3, 33, 'sasa', 'small.mp4', 'Lorem ipsum dolor sit amet, consectetur adipiscing elit. Integer nec odio. Praesent libero. Sed cursus ante dapibus diam. Sed nisi. Nulla quis sem at nibh elementum imperdiet. Duis sagittis ipsum. Praesent mauris. Fusce nec tellus sed augue semper porta. Mauris massa. Vestibulum lacinia arcu eget nulla. \r\n\r\nClass aptent taciti sociosqu ad litora torquent per conubia nostra, per inceptos himenaeos. Curabitur sodales ligula in libero. Sed dignissim lacinia nunc. Curabitur tortor. Pellentesque nibh. Aenean quam. In scelerisque sem at dolor. Maecenas mattis. Sed convallis tristique sem. Proin ut ligula vel nunc egestas porttitor. Morbi lectus risus, iaculis vel, suscipit quis, luctus non, massa. \r\n\r\nFusce ac turpis quis ligula lacinia aliquet. Mauris ipsum. Nulla metus metus, ullamcorper vel, tincidunt sed, euismod in, nibh. Quisque volutpat condimentum velit. Class aptent taciti sociosqu ad litora torquent per conubia nostra, per inceptos himenaeos. Nam nec ante. Sed lacinia, urna non tincidunt mattis, tortor neque adipiscing diam, a cursus ipsum ante quis turpis. Nulla facilisi. Ut fringilla. Suspendisse potenti. Nunc feugiat mi a tellus consequat imperdiet. Vestibulum sapien. Proin quam. Etiam ultrices. \r\n\r\nSuspendisse in justo eu magna luctus suscipit. Sed lectus. Integer euismod lacus luctus magna. Quisque cursus, metus vitae pharetra auctor, sem massa mattis sem, at interdum magna augue eget diam. Vestibulum ante ipsum primis in faucibus orci luctus et ultrices posuere cubilia Curae; Morbi lacinia molestie dui. Praesent blandit dolor. Sed non quam. In vel mi sit amet augue congue elementum. Morbi in ipsum sit amet pede facilisis laoreet. Donec lacus nunc, viverra nec, blandit vel, egestas et, augue. Vestibulum tincidunt malesuada tellus. Ut ultrices ultrices enim. Curabitur sit amet mauris. \r\n\r\nMorbi in dui quis est pulvinar ullamcorper. Nulla facilisi. Integer lacinia sollicitudin massa. Cras metus. Sed aliquet risus a tortor. Integer id quam. Morbi mi. Quisque nisl felis, venenatis tristique, dignissim in, ultrices sit amet, augue. Proin sodales libero eget ante. Nulla quam. Aenean laoreet. \r\n', 'photo1380581983_858.jpg    ', NULL, 1, '3_KJPrbuGamq'),
(5, 1, 'fdgfdgdfg', 'small.mp4', 'Lorem ipsum dolor sit amet, consectetur adipiscing elit. Integer nec odio. Praesent libero. Sed cursus ante dapibus diam. Sed nisi. Nulla quis sem at nibh elementum imperdiet. Duis sagittis ipsum. Praesent mauris. Fusce nec tellus sed augue semper porta. Mauris massa. Vestibulum lacinia arcu eget nulla. \n\nClass aptent taciti sociosqu ad litora torquent per conubia nostra, per inceptos himenaeos. Curabitur sodales ligula in libero. Sed dignissim lacinia nunc. Curabitur tortor. Pellentesque nibh. Aenean quam. In scelerisque sem at dolor. Maecenas mattis. Sed convallis tristique sem. Proin ut ligula vel nunc egestas porttitor. Morbi lectus risus, iaculis vel, suscipit quis, luctus non, massa. \n\nFusce ac turpis quis ligula lacinia aliquet. Mauris ipsum. Nulla metus metus, ullamcorper vel, tincidunt sed, euismod in, nibh. Quisque volutpat condimentum velit. Class aptent taciti sociosqu ad litora torquent per conubia nostra, per inceptos himenaeos. Nam nec ante. Sed lacinia, urna non tincidunt mattis, tortor neque adipiscing diam, a cursus ipsum ante quis turpis. Nulla facilisi. Ut fringilla. Suspendisse potenti. Nunc feugiat mi a tellus consequat imperdiet. Vestibulum sapien. Proin quam. Etiam ultrices. \n\nSuspendisse in justo eu magna luctus suscipit. Sed lectus. Integer euismod lacus luctus magna. Quisque cursus, metus vitae pharetra auctor, sem massa mattis sem, at interdum magna augue eget diam. Vestibulum ante ipsum primis in faucibus orci luctus et ultrices posuere cubilia Curae; Morbi lacinia molestie dui. Praesent blandit dolor. Sed non quam. In vel mi sit amet augue congue elementum. Morbi in ipsum sit amet pede facilisis laoreet. Donec lacus nunc, viverra nec, blandit vel, egestas et, augue. Vestibulum tincidunt malesuada tellus. Ut ultrices ultrices enim. Curabitur sit amet mauris. \n\nMorbi in dui quis est pulvinar ullamcorper. Nulla facilisi. Integer lacinia sollicitudin massa. Cras metus. Sed aliquet risus a tortor. Integer id quam. Morbi mi. Quisque nisl felis, venenatis tristique, dignissim in, ultrices sit amet, augue. Proin sodales libero eget ante. Nulla quam. Aenean laoreet. \n', '10513362_10152954611928294_6014292537106002370_n1.png', NULL, 1, '5_asGi9dHuBx'),
(7, 1, 'test', 'small.mp4', 'Lorem ipsum dolor sit amet, consectetur adipiscing elit. Integer nec odio. Praesent libero. Sed cursus ante dapibus diam. Sed nisi. Nulla quis sem at nibh elementum imperdiet. Duis sagittis ipsum. Praesent mauris. Fusce nec tellus sed augue semper porta. Mauris massa. Vestibulum lacinia arcu eget nulla. \r\n\r\nClass aptent taciti sociosqu ad litora torquent per conubia nostra, per inceptos himenaeos. Curabitur sodales ligula in libero. Sed dignissim lacinia nunc. Curabitur tortor. Pellentesque nibh. Aenean quam. In scelerisque sem at dolor. Maecenas mattis. Sed convallis tristique sem. Proin ut ligula vel nunc egestas porttitor. Morbi lectus risus, iaculis vel, suscipit quis, luctus non, massa. \r\n\r\nFusce ac turpis quis ligula lacinia aliquet. Mauris ipsum. Nulla metus metus, ullamcorper vel, tincidunt sed, euismod in, nibh. Quisque volutpat condimentum velit. Class aptent taciti sociosqu ad litora torquent per conubia nostra, per inceptos himenaeos. Nam nec ante. Sed lacinia, urna non tincidunt mattis, tortor neque adipiscing diam, a cursus ipsum ante quis turpis. Nulla facilisi. Ut fringilla. Suspendisse potenti. Nunc feugiat mi a tellus consequat imperdiet. Vestibulum sapien. Proin quam. Etiam ultrices. \r\n\r\nSuspendisse in justo eu magna luctus suscipit. Sed lectus. Integer euismod lacus luctus magna. Quisque cursus, metus vitae pharetra auctor, sem massa mattis sem, at interdum magna augue eget diam. Vestibulum ante ipsum primis in faucibus orci luctus et ultrices posuere cubilia Curae; Morbi lacinia molestie dui. Praesent blandit dolor. Sed non quam. In vel mi sit amet augue congue elementum. Morbi in ipsum sit amet pede facilisis laoreet. Donec lacus nunc, viverra nec, blandit vel, egestas et, augue. Vestibulum tincidunt malesuada tellus. Ut ultrices ultrices enim. Curabitur sit amet mauris. \r\n\r\nMorbi in dui quis est pulvinar ullamcorper. Nulla facilisi. Integer lacinia sollicitudin massa. Cras metus. Sed aliquet risus a tortor. Integer id quam. Morbi mi. Quisque nisl felis, venenatis tristique, dignissim in, ultrices sit amet, augue. Proin sodales libero eget ante. Nulla quam. Aenean laoreet. \r\n', 'smile.jpg', NULL, 1, '7_iVPTHbBU0L');

--
-- Constraints for dumped tables
--

--
-- Constraints for table `users_groups`
--
ALTER TABLE `users_groups`
  ADD CONSTRAINT `fk_users_groups_groups1` FOREIGN KEY (`group_id`) REFERENCES `groups` (`id`) ON DELETE CASCADE ON UPDATE NO ACTION,
  ADD CONSTRAINT `fk_users_groups_users1` FOREIGN KEY (`user_id`) REFERENCES `users` (`id`) ON DELETE CASCADE ON UPDATE NO ACTION;

/*!40101 SET CHARACTER_SET_CLIENT=@OLD_CHARACTER_SET_CLIENT */;
/*!40101 SET CHARACTER_SET_RESULTS=@OLD_CHARACTER_SET_RESULTS */;
/*!40101 SET COLLATION_CONNECTION=@OLD_COLLATION_CONNECTION */;
